species,latitude,longitude,year,country,dataset
Carcharodon carcharias,37.702522,-122.500884,2025,United States of America,50c9509d-22c7-4a22-a47d-8c48425ef4a7
Carcharodon carcharias,-36.05226,136.72057,2025,Australia,40c0f670-ee87-4576-be9d-2725e0b47035
Carcharodon carcharias,-50.500705,166.279864,2025,New Zealand,50c9509d-22c7-4a22-a47d-8c48425ef4a7
Carcharodon carcharias,-45.770317,166.498283,2025,New Zealand,50c9509d-22c7-4a22-a47d-8c48425ef4a7
Carcharodon carcharias,-46.608603,169.376728,2025,New Zealand,50c9509d-22c7-4a22-a47d-8c48425ef4a7
Carcharodon carcharias,-50.500713,166.27977,2025,New Zealand,50c9509d-22c7-4a22-a47d-8c48425ef4a7
Carcharodon carcharias,-8.636958,115.500874,2025,Indonesia,50c9509d-22c7-4a22-a47d-8c48425ef4a7
Carcharodon carcharias,-37.50905,176.113362,2025,New Zealand,50c9509d-22c7-4a22-a47d-8c48425ef4a7
Carcharodon carcharias,-46.588778,168.062892,2025,New Zealand,50c9509d-22c7-4a22-a47d-8c48425ef4a7
Carcharodon carcharias,-34.103961,22.143995,2025,South Africa,50c9509d-22c7-4a22-a47d-8c48425ef4a7
Carcharodon carcharias,-35.224883,136.073633,2025,Australia,50c9509d-22c7-4a22-a47d-8c48425ef4a7
Carcharodon carcharias,-35.111128,137.496017,2025,Australia,50c9509d-22c7-4a22-a47d-8c48425ef4a7
Carcharodon carcharias,-34.415029,137.917558,2025,Australia,50c9509d-22c7-4a22-a47d-8c48425ef4a7
Carcharodon carcharias,36.970772,-121.92506,2025,United States of America,50c9509d-22c7-4a22-a47d-8c48425ef4a7
Carcharodon carcharias,36.977523,-121.933461,2025,United States of America,50c9509d-22c7-4a22-a47d-8c48425ef4a7
Carcharodon carcharias,-35.137933,137.705686,2025,Australia,50c9509d-22c7-4a22-a47d-8c48425ef4a7
Carcharodon carcharias,36.971732,-121.926948,2025,United States of America,50c9509d-22c7-4a22-a47d-8c48425ef4a7
Carcharodon carcharias,29.52,-81.68,2025,United States of America,2fba9985-ac30-46cb-99bf-91ccde0d8d2f
Carcharodon carcharias,-34.919774,138.49192,2025,Australia,50c9509d-22c7-4a22-a47d-8c48425ef4a7
Carcharodon carcharias,42.689606,-70.450278,2025,United States of America,50c9509d-22c7-4a22-a47d-8c48425ef4a7
Carcharodon carcharias,40.794439,-72.564704,2025,United States of America,50c9509d-22c7-4a22-a47d-8c48425ef4a7
Carcharodon carcharias,44.52273,-63.950657,2025,Canada,50c9509d-22c7-4a22-a47d-8c48425ef4a7
Carcharodon carcharias,41.893588,-70.53605,2025,United States of America,50c9509d-22c7-4a22-a47d-8c48425ef4a7
Carcharodon carcharias,-32.713043,152.150663,2025,Australia,50c9509d-22c7-4a22-a47d-8c48425ef4a7
Carcharodon carcharias,36.813385,-121.789047,2025,United States of America,50c9509d-22c7-4a22-a47d-8c48425ef4a7
Carcharodon carcharias,36.816994,-121.78828,2025,United States of America,50c9509d-22c7-4a22-a47d-8c48425ef4a7
Carcharodon carcharias,36.910228,-121.921988,2025,United States of America,50c9509d-22c7-4a22-a47d-8c48425ef4a7
Carcharodon carcharias,41.788917,-70.209489,2025,United States of America,50c9509d-22c7-4a22-a47d-8c48425ef4a7
Carcharodon carcharias,44.597774,-64.057034,2025,Canada,50c9509d-22c7-4a22-a47d-8c48425ef4a7
Carcharodon carcharias,44.636186,-64.034207,2025,Canada,50c9509d-22c7-4a22-a47d-8c48425ef4a7
Carcharodon carcharias,44.636185,-64.034211,2025,Canada,50c9509d-22c7-4a22-a47d-8c48425ef4a7
Carcharodon carcharias,33.460743,-118.396723,2025,United States of America,50c9509d-22c7-4a22-a47d-8c48425ef4a7
Carcharodon carcharias,41.787863,-70.083236,2025,United States of America,50c9509d-22c7-4a22-a47d-8c48425ef4a7
Carcharodon carcharias,43.493278,-65.994643,2025,Canada,50c9509d-22c7-4a22-a47d-8c48425ef4a7
Carcharodon carcharias,52.0,4.15,2025,Netherlands,8a863029-f435-446a-821e-275f4f641165
Carcharodon carcharias,32.556508,-117.214303,2025,United States of America,50c9509d-22c7-4a22-a47d-8c48425ef4a7
Carcharodon carcharias,-35.32754,136.116976,2025,Australia,50c9509d-22c7-4a22-a47d-8c48425ef4a7
Carcharodon carcharias,-34.67302,135.955847,2025,Australia,50c9509d-22c7-4a22-a47d-8c48425ef4a7
Carcharodon carcharias,43.493637,-65.995784,2025,Canada,50c9509d-22c7-4a22-a47d-8c48425ef4a7
Carcharodon carcharias,-35.216814,136.07441,2025,Australia,50c9509d-22c7-4a22-a47d-8c48425ef4a7
Carcharodon carcharias,-46.831166,168.224144,2024,New Zealand,50c9509d-22c7-4a22-a47d-8c48425ef4a7
Carcharodon carcharias,32.916355,-117.258972,2024,United States of America,50c9509d-22c7-4a22-a47d-8c48425ef4a7
Carcharodon carcharias,32.92387,-117.258688,2024,United States of America,50c9509d-22c7-4a22-a47d-8c48425ef4a7
Carcharodon carcharias,-35.23024,136.0707,2024,Australia,40c0f670-ee87-4576-be9d-2725e0b47035
Carcharodon carcharias,-34.641562,134.798036,2024,Australia,50c9509d-22c7-4a22-a47d-8c48425ef4a7
Carcharodon carcharias,-46.832047,168.222743,2024,New Zealand,50c9509d-22c7-4a22-a47d-8c48425ef4a7
Carcharodon carcharias,-35.6259,174.550968,2024,New Zealand,50c9509d-22c7-4a22-a47d-8c48425ef4a7
Carcharodon carcharias,38.143555,20.423879,2024,Greece,50c9509d-22c7-4a22-a47d-8c48425ef4a7
Carcharodon carcharias,36.90762,-121.9226,2024,United States of America,50c9509d-22c7-4a22-a47d-8c48425ef4a7
Carcharodon carcharias,34.410551,-119.685959,2024,United States of America,50c9509d-22c7-4a22-a47d-8c48425ef4a7
Carcharodon carcharias,34.410259,-119.685906,2024,United States of America,50c9509d-22c7-4a22-a47d-8c48425ef4a7
Carcharodon carcharias,-32.793448,28.163898,2024,South Africa,50c9509d-22c7-4a22-a47d-8c48425ef4a7
Carcharodon carcharias,32.923567,-117.258661,2024,United States of America,50c9509d-22c7-4a22-a47d-8c48425ef4a7
Carcharodon carcharias,-35.232427,136.063475,2024,Australia,50c9509d-22c7-4a22-a47d-8c48425ef4a7
Carcharodon carcharias,-35.22568,136.072938,2024,Australia,50c9509d-22c7-4a22-a47d-8c48425ef4a7
Carcharodon carcharias,36.975594,-121.92457,2024,United States of America,50c9509d-22c7-4a22-a47d-8c48425ef4a7
Carcharodon carcharias,36.95945,-121.885247,2024,United States of America,50c9509d-22c7-4a22-a47d-8c48425ef4a7
Carcharodon carcharias,36.969951,-121.925017,2024,United States of America,50c9509d-22c7-4a22-a47d-8c48425ef4a7
Carcharodon carcharias,36.973252,-121.926535,2024,United States of America,50c9509d-22c7-4a22-a47d-8c48425ef4a7
Carcharodon carcharias,36.973902,-121.930069,2024,United States of America,50c9509d-22c7-4a22-a47d-8c48425ef4a7
Carcharodon carcharias,36.975035,-121.927393,2024,United States of America,50c9509d-22c7-4a22-a47d-8c48425ef4a7
Carcharodon carcharias,-34.81872,136.21147,2024,Australia,40c0f670-ee87-4576-be9d-2725e0b47035
Carcharodon carcharias,36.800741,-121.947311,2024,United States of America,50c9509d-22c7-4a22-a47d-8c48425ef4a7
Carcharodon carcharias,36.972144,-121.916508,2024,United States of America,50c9509d-22c7-4a22-a47d-8c48425ef4a7
Carcharodon carcharias,34.41041,-119.68593,2024,United States of America,50c9509d-22c7-4a22-a47d-8c48425ef4a7
Carcharodon carcharias,34.4103,-119.6856,2024,United States of America,50c9509d-22c7-4a22-a47d-8c48425ef4a7
Carcharodon carcharias,36.950925,-121.912081,2024,United States of America,50c9509d-22c7-4a22-a47d-8c48425ef4a7
Carcharodon carcharias,42.209286,-70.476173,2024,United States of America,50c9509d-22c7-4a22-a47d-8c48425ef4a7
Carcharodon carcharias,44.529509,-66.765264,2024,Canada,50c9509d-22c7-4a22-a47d-8c48425ef4a7
Carcharodon carcharias,33.302322,-117.849518,2024,United States of America,50c9509d-22c7-4a22-a47d-8c48425ef4a7
Carcharodon carcharias,36.954172,-122.088223,2024,United States of America,50c9509d-22c7-4a22-a47d-8c48425ef4a7
Carcharodon carcharias,33.302087,-117.853447,2024,United States of America,50c9509d-22c7-4a22-a47d-8c48425ef4a7
Carcharodon carcharias,38.168719,24.595871,2024,Greece,50c9509d-22c7-4a22-a47d-8c48425ef4a7
Carcharodon carcharias,42.680784,-70.738074,2024,United States of America,50c9509d-22c7-4a22-a47d-8c48425ef4a7
Carcharodon carcharias,37.701408,-123.009966,2024,United States of America,50c9509d-22c7-4a22-a47d-8c48425ef4a7
Carcharodon carcharias,41.921863,-69.974045,2024,United States of America,50c9509d-22c7-4a22-a47d-8c48425ef4a7
Carcharodon carcharias,53.465347,-131.92952,2024,Canada,50c9509d-22c7-4a22-a47d-8c48425ef4a7
Carcharodon carcharias,53.465263,-131.928151,2024,Canada,50c9509d-22c7-4a22-a47d-8c48425ef4a7
Carcharodon carcharias,-35.125098,150.635179,2024,Australia,50c9509d-22c7-4a22-a47d-8c48425ef4a7
Carcharodon carcharias,37.697369,-122.997843,2024,United States of America,50c9509d-22c7-4a22-a47d-8c48425ef4a7
Carcharodon carcharias,-36.484575,174.33025,2024,New Zealand,50c9509d-22c7-4a22-a47d-8c48425ef4a7
Carcharodon carcharias,42.87491,6.47407,2024,France,50c9509d-22c7-4a22-a47d-8c48425ef4a7
Carcharodon carcharias,34.427165,-77.546123,2024,United States of America,50c9509d-22c7-4a22-a47d-8c48425ef4a7
Carcharodon carcharias,29.68,-81.52,2024,United States of America,2fba9985-ac30-46cb-99bf-91ccde0d8d2f
Carcharodon carcharias,-38.06594,174.824114,2024,New Zealand,50c9509d-22c7-4a22-a47d-8c48425ef4a7
Carcharodon carcharias,-46.835261,168.222996,2024,New Zealand,50c9509d-22c7-4a22-a47d-8c48425ef4a7
Carcharodon carcharias,30.395346,125.915207,2023,China,50c9509d-22c7-4a22-a47d-8c48425ef4a7
Carcharodon carcharias,-34.81726,136.22101,2023,Australia,40c0f670-ee87-4576-be9d-2725e0b47035
Carcharodon carcharias,-34.81726,136.221,2023,Australia,40c0f670-ee87-4576-be9d-2725e0b47035
Carcharodon carcharias,-35.252437,136.091007,2023,Australia,50c9509d-22c7-4a22-a47d-8c48425ef4a7
Carcharodon carcharias,34.406585,-119.551524,2023,United States of America,50c9509d-22c7-4a22-a47d-8c48425ef4a7
Carcharodon carcharias,-35.229801,136.074729,2023,Australia,50c9509d-22c7-4a22-a47d-8c48425ef4a7
Carcharodon carcharias,-35.229812,136.074897,2023,Australia,50c9509d-22c7-4a22-a47d-8c48425ef4a7
Carcharodon carcharias,-35.230752,136.073166,2023,Australia,50c9509d-22c7-4a22-a47d-8c48425ef4a7
Carcharodon carcharias,40.088947,-71.763535,2023,United States of America,38ae6f84-4b5b-40bb-bf0d-56bf6ef74a52
Carcharodon carcharias,39.742302,-71.953468,2023,United States of America,38ae6f84-4b5b-40bb-bf0d-56bf6ef74a52
Carcharodon carcharias,-35.230127,136.072914,2023,Australia,50c9509d-22c7-4a22-a47d-8c48425ef4a7
Carcharodon carcharias,32.923502,-117.259069,2023,United States of America,50c9509d-22c7-4a22-a47d-8c48425ef4a7
Carcharodon carcharias,42.064549,-70.099526,2023,United States of America,38ae6f84-4b5b-40bb-bf0d-56bf6ef74a52
Carcharodon carcharias,-42.535,148.181,2023,Australia,18c93d12-34fb-4d3f-903c-b77215a1dcc9
Carcharodon carcharias,-36.577661,174.843879,2023,New Zealand,50c9509d-22c7-4a22-a47d-8c48425ef4a7
Carcharodon carcharias,36.972886,-121.925501,2023,United States of America,50c9509d-22c7-4a22-a47d-8c48425ef4a7
Carcharodon carcharias,36.972279,-121.922713,2023,United States of America,50c9509d-22c7-4a22-a47d-8c48425ef4a7
Carcharodon carcharias,36.972258,-121.931403,2023,United States of America,50c9509d-22c7-4a22-a47d-8c48425ef4a7
Carcharodon carcharias,36.967621,-121.923249,2023,United States of America,50c9509d-22c7-4a22-a47d-8c48425ef4a7
Carcharodon carcharias,36.975279,-121.93457,2023,United States of America,50c9509d-22c7-4a22-a47d-8c48425ef4a7
Carcharodon carcharias,36.976252,-121.93354,2023,United States of America,50c9509d-22c7-4a22-a47d-8c48425ef4a7
Carcharodon carcharias,33.030731,-117.307468,2023,United States of America,50c9509d-22c7-4a22-a47d-8c48425ef4a7
Carcharodon carcharias,36.971788,-121.934943,2023,United States of America,50c9509d-22c7-4a22-a47d-8c48425ef4a7
Carcharodon carcharias,42.065976,-70.089199,2023,United States of America,50c9509d-22c7-4a22-a47d-8c48425ef4a7
Carcharodon carcharias,-34.452926,172.782598,2023,New Zealand,50c9509d-22c7-4a22-a47d-8c48425ef4a7
Carcharodon carcharias,32.918482,-117.2604,2023,United States of America,50c9509d-22c7-4a22-a47d-8c48425ef4a7
Carcharodon carcharias,41.30426,-69.76802,2023,United States of America,ed8817bd-2087-4667-bcd1-f2f82f9ca894
Carcharodon carcharias,37.696547,-122.999392,2023,United States of America,50c9509d-22c7-4a22-a47d-8c48425ef4a7
Carcharodon carcharias,46.689434,-60.35927,2023,Canada,50c9509d-22c7-4a22-a47d-8c48425ef4a7
Carcharodon carcharias,46.689459,-60.359204,2023,Canada,50c9509d-22c7-4a22-a47d-8c48425ef4a7
Carcharodon carcharias,-35.325646,136.117528,2023,Australia,50c9509d-22c7-4a22-a47d-8c48425ef4a7
Carcharodon carcharias,-35.328132,136.11949,2023,Australia,50c9509d-22c7-4a22-a47d-8c48425ef4a7
Carcharodon carcharias,33.312026,-117.498099,2023,United States of America,50c9509d-22c7-4a22-a47d-8c48425ef4a7
Carcharodon carcharias,36.879458,-121.828095,2023,United States of America,50c9509d-22c7-4a22-a47d-8c48425ef4a7
Carcharodon carcharias,46.444558,-62.783443,2023,Canada,50c9509d-22c7-4a22-a47d-8c48425ef4a7
Carcharodon carcharias,43.19712,5.22393,2023,France,8e9974a4-12e2-475f-9aec-5abdf24a1f50
Carcharodon carcharias,43.181932,-68.947294,2023,United States of America,afdb36af-70e2-4553-bd9b-c129f212cfdc
Carcharodon carcharias,44.469833,-63.716333,2023,Canada,50c9509d-22c7-4a22-a47d-8c48425ef4a7
Carcharodon carcharias,44.468062,-63.715309,2023,Canada,50c9509d-22c7-4a22-a47d-8c48425ef4a7
Carcharodon carcharias,35.718595,-75.493903,2023,United States of America,50c9509d-22c7-4a22-a47d-8c48425ef4a7
Carcharodon carcharias,35.718514,-75.493819,2023,United States of America,50c9509d-22c7-4a22-a47d-8c48425ef4a7
Carcharodon carcharias,-46.704159,168.227618,2023,New Zealand,50c9509d-22c7-4a22-a47d-8c48425ef4a7
Carcharodon carcharias,-34.071817,22.235323,2023,South Africa,50c9509d-22c7-4a22-a47d-8c48425ef4a7
Carcharodon carcharias,-34.680078,173.587326,2023,New Zealand,50c9509d-22c7-4a22-a47d-8c48425ef4a7
Carcharodon carcharias,32.923738,-117.258675,2022,United States of America,50c9509d-22c7-4a22-a47d-8c48425ef4a7
Carcharodon carcharias,-39.171795,177.235519,2022,New Zealand,50c9509d-22c7-4a22-a47d-8c48425ef4a7
Carcharodon carcharias,-36.593437,174.801098,2022,New Zealand,50c9509d-22c7-4a22-a47d-8c48425ef4a7
Carcharodon carcharias,-36.141542,175.530822,2022,New Zealand,50c9509d-22c7-4a22-a47d-8c48425ef4a7
Carcharodon carcharias,-35.121086,150.413934,2022,Australia,50c9509d-22c7-4a22-a47d-8c48425ef4a7
Carcharodon carcharias,-35.23036,136.07071,2022,Australia,40c0f670-ee87-4576-be9d-2725e0b47035
Carcharodon carcharias,-34.81738,136.22101,2022,Australia,40c0f670-ee87-4576-be9d-2725e0b47035
Carcharodon carcharias,-36.479922,174.388282,2022,New Zealand,50c9509d-22c7-4a22-a47d-8c48425ef4a7
Carcharodon carcharias,47.10045,-124.32682,2022,United States of America,fd46d7b5-067e-40da-82ea-7c7b96178192
Carcharodon carcharias,47.11363,-124.26391,2022,United States of America,fd46d7b5-067e-40da-82ea-7c7b96178192
Carcharodon carcharias,47.08725,-124.38969,2022,United States of America,fd46d7b5-067e-40da-82ea-7c7b96178192
Carcharodon carcharias,32.870243,-117.2549,2022,United States of America,50c9509d-22c7-4a22-a47d-8c48425ef4a7
Carcharodon carcharias,-35.329569,136.118353,2022,Australia,50c9509d-22c7-4a22-a47d-8c48425ef4a7
Carcharodon carcharias,-37.527291,176.112436,2022,New Zealand,50c9509d-22c7-4a22-a47d-8c48425ef4a7
Carcharodon carcharias,-34.81796,136.21151,2022,Australia,40c0f670-ee87-4576-be9d-2725e0b47035
Carcharodon carcharias,-34.102724,22.188117,2022,South Africa,50c9509d-22c7-4a22-a47d-8c48425ef4a7
Carcharodon carcharias,-35.236713,136.068156,2022,Australia,50c9509d-22c7-4a22-a47d-8c48425ef4a7
Carcharodon carcharias,36.966942,-121.916423,2022,United States of America,50c9509d-22c7-4a22-a47d-8c48425ef4a7
Carcharodon carcharias,36.976486,-121.934431,2022,United States of America,50c9509d-22c7-4a22-a47d-8c48425ef4a7
Carcharodon carcharias,37.658475,-122.493705,2022,United States of America,50c9509d-22c7-4a22-a47d-8c48425ef4a7
Carcharodon carcharias,-34.104722,23.395278,2022,South Africa,50c9509d-22c7-4a22-a47d-8c48425ef4a7
Carcharodon carcharias,29.049383,-118.269596,2022,Mexico,50c9509d-22c7-4a22-a47d-8c48425ef4a7
Carcharodon carcharias,36.974444,-121.930856,2022,United States of America,50c9509d-22c7-4a22-a47d-8c48425ef4a7
Carcharodon carcharias,53.609864,-131.930342,2022,Canada,50c9509d-22c7-4a22-a47d-8c48425ef4a7
Carcharodon carcharias,42.114834,-70.272332,2022,United States of America,50c9509d-22c7-4a22-a47d-8c48425ef4a7
Carcharodon carcharias,-34.098693,23.376757,2022,South Africa,50c9509d-22c7-4a22-a47d-8c48425ef4a7
Carcharodon carcharias,-34.609154,19.255078,2022,South Africa,50c9509d-22c7-4a22-a47d-8c48425ef4a7
Carcharodon carcharias,37.620011,-122.4986,2022,United States of America,50c9509d-22c7-4a22-a47d-8c48425ef4a7
Carcharodon carcharias,32.916011,-117.258278,2022,United States of America,50c9509d-22c7-4a22-a47d-8c48425ef4a7
Carcharodon carcharias,-34.035086,23.046469,2022,South Africa,50c9509d-22c7-4a22-a47d-8c48425ef4a7
Carcharodon carcharias,32.916334,-117.259423,2022,United States of America,50c9509d-22c7-4a22-a47d-8c48425ef4a7
Carcharodon carcharias,44.901374,-66.823289,2022,Canada,50c9509d-22c7-4a22-a47d-8c48425ef4a7
Carcharodon carcharias,35.137944,-120.646256,2022,United States of America,50c9509d-22c7-4a22-a47d-8c48425ef4a7
Carcharodon carcharias,-34.10611,23.40865,2022,South Africa,8e9974a4-12e2-475f-9aec-5abdf24a1f50
Carcharodon carcharias,42.864904,-70.669735,2022,United States of America,50c9509d-22c7-4a22-a47d-8c48425ef4a7
Carcharodon carcharias,-34.150448,22.121389,2022,South Africa,50c9509d-22c7-4a22-a47d-8c48425ef4a7
Carcharodon carcharias,42.060528,-70.076709,2022,United States of America,50c9509d-22c7-4a22-a47d-8c48425ef4a7
Carcharodon carcharias,52.05,4.15,2022,Netherlands,8a863029-f435-446a-821e-275f4f641165
Carcharodon carcharias,-35.77037,138.29591,2022,Australia,40c0f670-ee87-4576-be9d-2725e0b47035
Carcharodon carcharias,43.815895,-64.582964,2022,Canada,50c9509d-22c7-4a22-a47d-8c48425ef4a7
Carcharodon carcharias,29.030662,-118.27079,2022,Mexico,50c9509d-22c7-4a22-a47d-8c48425ef4a7
Carcharodon carcharias,32.928417,-117.260041,2022,United States of America,50c9509d-22c7-4a22-a47d-8c48425ef4a7
Carcharodon carcharias,-35.893968,173.687512,2022,New Zealand,50c9509d-22c7-4a22-a47d-8c48425ef4a7
Carcharodon carcharias,32.915931,-117.258345,2022,United States of America,50c9509d-22c7-4a22-a47d-8c48425ef4a7
Carcharodon carcharias,38.689724,-74.122963,2022,United States of America,50c9509d-22c7-4a22-a47d-8c48425ef4a7
Carcharodon carcharias,38.313364,-123.048769,2022,United States of America,50c9509d-22c7-4a22-a47d-8c48425ef4a7
Carcharodon carcharias,-35.902903,173.696931,2022,New Zealand,50c9509d-22c7-4a22-a47d-8c48425ef4a7
Carcharodon carcharias,38.690163,-74.121583,2022,United States of America,50c9509d-22c7-4a22-a47d-8c48425ef4a7
Carcharodon carcharias,32.918913,-117.258575,2022,United States of America,50c9509d-22c7-4a22-a47d-8c48425ef4a7
Carcharodon carcharias,-35.23193,136.076535,2022,Australia,50c9509d-22c7-4a22-a47d-8c48425ef4a7
Carcharodon carcharias,-35.951139,173.741167,2022,New Zealand,e2980e63-d152-4219-8c1e-0ffdef3ea6aa
Carcharodon carcharias,31.428889,130.196944,2022,Japan,80f63c1e-f762-11e1-a439-00145eb45e9a
Carcharodon carcharias,-49.49883,70.16,2022,French Southern Territories,516b1d1f-bd16-44d7-ac6e-c21b9a17ab9d
Carcharodon carcharias,-49.54944,69.77528,2022,French Southern Territories,516b1d1f-bd16-44d7-ac6e-c21b9a17ab9d
Carcharodon carcharias,-49.38746,69.94117,2022,French Southern Territories,516b1d1f-bd16-44d7-ac6e-c21b9a17ab9d
Carcharodon carcharias,-49.46444,69.73417,2022,French Southern Territories,516b1d1f-bd16-44d7-ac6e-c21b9a17ab9d
Carcharodon carcharias,-27.9,153.74,2021,Australia,3f4d4bf1-5f9a-43f2-a0d8-ff6ed5952796
Carcharodon carcharias,-27.1,153.57,2021,Australia,3f4d4bf1-5f9a-43f2-a0d8-ff6ed5952796
Carcharodon carcharias,-32.47,152.56,2021,Australia,3f4d4bf1-5f9a-43f2-a0d8-ff6ed5952796
Carcharodon carcharias,-32.45,152.55,2021,Australia,3f4d4bf1-5f9a-43f2-a0d8-ff6ed5952796
Carcharodon carcharias,-32.46,152.55,2021,Australia,3f4d4bf1-5f9a-43f2-a0d8-ff6ed5952796
Carcharodon carcharias,-30.2,153.28,2021,Australia,3f4d4bf1-5f9a-43f2-a0d8-ff6ed5952796
Carcharodon carcharias,37.1744,25.436048,2021,Greece,50c9509d-22c7-4a22-a47d-8c48425ef4a7
Carcharodon carcharias,-34.104019,23.395557,2021,South Africa,50c9509d-22c7-4a22-a47d-8c48425ef4a7
Carcharodon carcharias,-26.93,153.53,2021,Australia,3f4d4bf1-5f9a-43f2-a0d8-ff6ed5952796
Carcharodon carcharias,-32.48,152.57,2021,Australia,3f4d4bf1-5f9a-43f2-a0d8-ff6ed5952796
Carcharodon carcharias,-33.8,151.31,2021,Australia,3f4d4bf1-5f9a-43f2-a0d8-ff6ed5952796
Carcharodon carcharias,-30.21,153.23,2021,Australia,3f4d4bf1-5f9a-43f2-a0d8-ff6ed5952796
Carcharodon carcharias,-30.21,153.25,2021,Australia,3f4d4bf1-5f9a-43f2-a0d8-ff6ed5952796
Carcharodon carcharias,-27.81,153.62,2021,Australia,3f4d4bf1-5f9a-43f2-a0d8-ff6ed5952796
Carcharodon carcharias,-27.99,153.53,2021,Australia,3f4d4bf1-5f9a-43f2-a0d8-ff6ed5952796
Carcharodon carcharias,-26.26,153.33,2021,Australia,3f4d4bf1-5f9a-43f2-a0d8-ff6ed5952796
Carcharodon carcharias,-30.21,153.24,2021,Australia,3f4d4bf1-5f9a-43f2-a0d8-ff6ed5952796
Carcharodon carcharias,36.974871,-121.927674,2021,United States of America,50c9509d-22c7-4a22-a47d-8c48425ef4a7
Carcharodon carcharias,36.976484,-121.932186,2021,United States of America,50c9509d-22c7-4a22-a47d-8c48425ef4a7
Carcharodon carcharias,36.892666,-121.851695,2021,United States of America,50c9509d-22c7-4a22-a47d-8c48425ef4a7
Carcharodon carcharias,36.975648,-121.929818,2021,United States of America,50c9509d-22c7-4a22-a47d-8c48425ef4a7
Carcharodon carcharias,36.975272,-121.931945,2021,United States of America,50c9509d-22c7-4a22-a47d-8c48425ef4a7
Carcharodon carcharias,-30.21,153.21,2021,Australia,3f4d4bf1-5f9a-43f2-a0d8-ff6ed5952796
Carcharodon carcharias,-30.21,153.2,2021,Australia,3f4d4bf1-5f9a-43f2-a0d8-ff6ed5952796
Carcharodon carcharias,-30.21,153.26,2021,Australia,3f4d4bf1-5f9a-43f2-a0d8-ff6ed5952796
Carcharodon carcharias,-27.28,153.63,2021,Australia,3f4d4bf1-5f9a-43f2-a0d8-ff6ed5952796
Carcharodon carcharias,-30.21,153.22,2021,Australia,3f4d4bf1-5f9a-43f2-a0d8-ff6ed5952796
Carcharodon carcharias,36.975222,-121.923701,2021,United States of America,50c9509d-22c7-4a22-a47d-8c48425ef4a7
Carcharodon carcharias,-34.10018,23.380688,2021,South Africa,50c9509d-22c7-4a22-a47d-8c48425ef4a7
Carcharodon carcharias,40.032825,-124.076661,2021,United States of America,50c9509d-22c7-4a22-a47d-8c48425ef4a7
Carcharodon carcharias,-30.21,153.19,2021,Australia,3f4d4bf1-5f9a-43f2-a0d8-ff6ed5952796
Carcharodon carcharias,40.837297,-70.381342,2021,United States of America,a828a9c8-2c1a-44d9-a963-bd0c6595c3d9
Carcharodon carcharias,40.977997,-70.358138,2021,United States of America,a828a9c8-2c1a-44d9-a963-bd0c6595c3d9
Carcharodon carcharias,40.829211,-70.428858,2021,United States of America,a828a9c8-2c1a-44d9-a963-bd0c6595c3d9
Carcharodon carcharias,32.888644,-117.254512,2021,United States of America,50c9509d-22c7-4a22-a47d-8c48425ef4a7
Carcharodon carcharias,32.888793,-117.254594,2021,United States of America,50c9509d-22c7-4a22-a47d-8c48425ef4a7
Carcharodon carcharias,32.888547,-117.254535,2021,United States of America,50c9509d-22c7-4a22-a47d-8c48425ef4a7
Carcharodon carcharias,-23.902999,35.553809,2021,Mozambique,50c9509d-22c7-4a22-a47d-8c48425ef4a7
Carcharodon carcharias,41.37109,-70.515686,2021,United States of America,50c9509d-22c7-4a22-a47d-8c48425ef4a7
Carcharodon carcharias,41.821373,-69.936534,2021,United States of America,50c9509d-22c7-4a22-a47d-8c48425ef4a7
Carcharodon carcharias,41.564377,-69.973966,2021,United States of America,50c9509d-22c7-4a22-a47d-8c48425ef4a7
Carcharodon carcharias,40.822536,-70.55454,2021,United States of America,a828a9c8-2c1a-44d9-a963-bd0c6595c3d9
Carcharodon carcharias,40.929005,-70.451925,2021,United States of America,a828a9c8-2c1a-44d9-a963-bd0c6595c3d9
Carcharodon carcharias,40.820822,-70.403312,2021,United States of America,a828a9c8-2c1a-44d9-a963-bd0c6595c3d9
Carcharodon carcharias,40.803522,-70.453368,2021,United States of America,a828a9c8-2c1a-44d9-a963-bd0c6595c3d9
Carcharodon carcharias,41.015316,-66.405937,2021,United States of America,778f6dac-ecbb-4b22-aa66-d7085513971f
Carcharodon carcharias,40.747883,-67.62204,2021,United States of America,778f6dac-ecbb-4b22-aa66-d7085513971f
Carcharodon carcharias,41.333794,-66.383797,2021,Canada,778f6dac-ecbb-4b22-aa66-d7085513971f
Carcharodon carcharias,41.333221,-66.375824,2021,Canada,778f6dac-ecbb-4b22-aa66-d7085513971f
Carcharodon carcharias,40.196125,-68.417755,2021,United States of America,778f6dac-ecbb-4b22-aa66-d7085513971f
Carcharodon carcharias,41.316113,-66.294952,2021,Canada,778f6dac-ecbb-4b22-aa66-d7085513971f
Carcharodon carcharias,40.830509,-67.99157,2021,United States of America,778f6dac-ecbb-4b22-aa66-d7085513971f
Carcharodon carcharias,42.102589,-67.325462,2021,United States of America,778f6dac-ecbb-4b22-aa66-d7085513971f
Carcharodon carcharias,40.693176,-70.84787,2021,United States of America,778f6dac-ecbb-4b22-aa66-d7085513971f
Carcharodon carcharias,39.505821,-71.335495,2021,United States of America,778f6dac-ecbb-4b22-aa66-d7085513971f
Carcharodon carcharias,40.383362,-67.427948,2021,United States of America,778f6dac-ecbb-4b22-aa66-d7085513971f
Carcharodon carcharias,40.388001,-67.441658,2021,United States of America,778f6dac-ecbb-4b22-aa66-d7085513971f
Carcharodon carcharias,40.373936,-67.399925,2021,United States of America,778f6dac-ecbb-4b22-aa66-d7085513971f
Carcharodon carcharias,42.167687,-66.827225,2021,Canada,778f6dac-ecbb-4b22-aa66-d7085513971f
Carcharodon carcharias,42.087483,-66.762444,2021,Canada,778f6dac-ecbb-4b22-aa66-d7085513971f
Carcharodon carcharias,42.179005,-66.736511,2021,Canada,778f6dac-ecbb-4b22-aa66-d7085513971f
Carcharodon carcharias,41.386299,-67.006401,2021,United States of America,778f6dac-ecbb-4b22-aa66-d7085513971f
Carcharodon carcharias,42.118988,-67.201294,2021,United States of America,778f6dac-ecbb-4b22-aa66-d7085513971f
Carcharodon carcharias,42.121979,-67.17865,2021,United States of America,778f6dac-ecbb-4b22-aa66-d7085513971f
Carcharodon carcharias,42.126408,-67.144615,2021,United States of America,778f6dac-ecbb-4b22-aa66-d7085513971f
Carcharodon carcharias,41.35788,-66.726509,2021,United States of America,778f6dac-ecbb-4b22-aa66-d7085513971f
Carcharodon carcharias,41.94399,-69.975021,2021,United States of America,50c9509d-22c7-4a22-a47d-8c48425ef4a7
Carcharodon carcharias,36.97214,-121.92058,2021,United States of America,50c9509d-22c7-4a22-a47d-8c48425ef4a7
Carcharodon carcharias,40.854051,-70.489677,2021,United States of America,a828a9c8-2c1a-44d9-a963-bd0c6595c3d9
Carcharodon carcharias,40.917832,-70.408307,2021,United States of America,a828a9c8-2c1a-44d9-a963-bd0c6595c3d9
Carcharodon carcharias,40.712669,-70.700575,2021,United States of America,a828a9c8-2c1a-44d9-a963-bd0c6595c3d9
Carcharodon carcharias,-35.77049,138.2959,2021,Australia,40c0f670-ee87-4576-be9d-2725e0b47035
Carcharodon carcharias,41.816216,-69.299545,2021,United States of America,778f6dac-ecbb-4b22-aa66-d7085513971f
Carcharodon carcharias,43.344965,-8.516042,2021,Spain,8a863029-f435-446a-821e-275f4f641165
Carcharodon carcharias,-34.03998,22.14533,2021,South Africa,40c8e03d-7f80-4dbe-bbe4-0f891623db54
Carcharodon carcharias,-34.04837,22.1143,2021,South Africa,40c8e03d-7f80-4dbe-bbe4-0f891623db54
Carcharodon carcharias,-34.04387,22.14808,2021,South Africa,40c8e03d-7f80-4dbe-bbe4-0f891623db54
Carcharodon carcharias,-34.05987,22.12166,2021,South Africa,40c8e03d-7f80-4dbe-bbe4-0f891623db54
Carcharodon carcharias,-34.0521,22.11698,2021,South Africa,40c8e03d-7f80-4dbe-bbe4-0f891623db54
Carcharodon carcharias,-34.05593,22.11912,2021,South Africa,40c8e03d-7f80-4dbe-bbe4-0f891623db54
Carcharodon carcharias,-34.06388,22.12395,2021,South Africa,40c8e03d-7f80-4dbe-bbe4-0f891623db54
Carcharodon carcharias,-34.04737,22.50081,2021,South Africa,40c8e03d-7f80-4dbe-bbe4-0f891623db54
Carcharodon carcharias,38.355825,-123.066483,2021,United States of America,50c9509d-22c7-4a22-a47d-8c48425ef4a7
Carcharodon carcharias,29.091743,-118.223121,2021,Mexico,50c9509d-22c7-4a22-a47d-8c48425ef4a7
Carcharodon carcharias,29.083208,-118.231463,2021,Mexico,50c9509d-22c7-4a22-a47d-8c48425ef4a7
Carcharodon carcharias,29.092537,-118.237258,2021,Mexico,50c9509d-22c7-4a22-a47d-8c48425ef4a7
Carcharodon carcharias,-30.21,153.18,2021,Australia,3f4d4bf1-5f9a-43f2-a0d8-ff6ed5952796
Carcharodon carcharias,-30.21,153.17,2021,Australia,3f4d4bf1-5f9a-43f2-a0d8-ff6ed5952796
Carcharodon carcharias,43.572028,-5.033112,2021,Spain,8a863029-f435-446a-821e-275f4f641165
Carcharodon carcharias,29.01834,-118.305848,2021,Mexico,50c9509d-22c7-4a22-a47d-8c48425ef4a7
Carcharodon carcharias,-36.340288,174.781983,2021,New Zealand,50c9509d-22c7-4a22-a47d-8c48425ef4a7
Carcharodon carcharias,32.959489,-117.265315,2021,United States of America,50c9509d-22c7-4a22-a47d-8c48425ef4a7
Carcharodon carcharias,52.05,4.18,2021,Netherlands,44c5565c-b772-404e-9231-fc78d77dfbb4
Carcharodon carcharias,-31.61579,29.59347,2021,South Africa,40c8e03d-7f80-4dbe-bbe4-0f891623db54
Carcharodon carcharias,-36.650247,174.74659,2021,New Zealand,50c9509d-22c7-4a22-a47d-8c48425ef4a7
Carcharodon carcharias,-37.455731,175.982387,2021,New Zealand,50c9509d-22c7-4a22-a47d-8c48425ef4a7
Carcharodon carcharias,36.975181,-121.922002,2021,United States of America,50c9509d-22c7-4a22-a47d-8c48425ef4a7
Carcharodon carcharias,-37.476399,175.981806,2021,New Zealand,50c9509d-22c7-4a22-a47d-8c48425ef4a7
Carcharodon carcharias,-35.325631,136.175122,2021,Australia,50c9509d-22c7-4a22-a47d-8c48425ef4a7
Carcharodon carcharias,-34.090142,22.144934,2021,South Africa,50c9509d-22c7-4a22-a47d-8c48425ef4a7
Carcharodon carcharias,-35.238141,136.069654,2021,Australia,50c9509d-22c7-4a22-a47d-8c48425ef4a7
Carcharodon carcharias,-35.32957,136.118353,2021,Australia,50c9509d-22c7-4a22-a47d-8c48425ef4a7
Carcharodon carcharias,46.25344,-124.11137,2021,United States of America,fd46d7b5-067e-40da-82ea-7c7b96178192
Carcharodon carcharias,46.24419,-124.10859,2021,United States of America,fd46d7b5-067e-40da-82ea-7c7b96178192
Carcharodon carcharias,-42.67,148.22,2020,Australia,3f4d4bf1-5f9a-43f2-a0d8-ff6ed5952796
Carcharodon carcharias,-33.95,151.38,2020,Australia,3f4d4bf1-5f9a-43f2-a0d8-ff6ed5952796
Carcharodon carcharias,-42.65,148.17,2020,Australia,3f4d4bf1-5f9a-43f2-a0d8-ff6ed5952796
Carcharodon carcharias,-42.67,148.23,2020,Australia,3f4d4bf1-5f9a-43f2-a0d8-ff6ed5952796
Carcharodon carcharias,-36.26,150.17,2020,Australia,3f4d4bf1-5f9a-43f2-a0d8-ff6ed5952796
Carcharodon carcharias,-36.26,150.19,2020,Australia,3f4d4bf1-5f9a-43f2-a0d8-ff6ed5952796
Carcharodon carcharias,-33.91,151.31,2020,Australia,3f4d4bf1-5f9a-43f2-a0d8-ff6ed5952796
Carcharodon carcharias,-42.66,148.19,2020,Australia,3f4d4bf1-5f9a-43f2-a0d8-ff6ed5952796
Carcharodon carcharias,-31.42,152.98,2020,Australia,3f4d4bf1-5f9a-43f2-a0d8-ff6ed5952796
Carcharodon carcharias,-36.26,150.18,2020,Australia,3f4d4bf1-5f9a-43f2-a0d8-ff6ed5952796
Carcharodon carcharias,-33.96,151.39,2020,Australia,3f4d4bf1-5f9a-43f2-a0d8-ff6ed5952796
Carcharodon carcharias,-36.26,150.16,2020,Australia,3f4d4bf1-5f9a-43f2-a0d8-ff6ed5952796
Carcharodon carcharias,-36.91,149.94,2020,Australia,3f4d4bf1-5f9a-43f2-a0d8-ff6ed5952796
Carcharodon carcharias,-33.94,151.37,2020,Australia,3f4d4bf1-5f9a-43f2-a0d8-ff6ed5952796
Carcharodon carcharias,-36.25,150.24,2020,Australia,3f4d4bf1-5f9a-43f2-a0d8-ff6ed5952796
Carcharodon carcharias,-38.39,141.37,2020,Australia,3f4d4bf1-5f9a-43f2-a0d8-ff6ed5952796
Carcharodon carcharias,-42.66,148.21,2020,Australia,3f4d4bf1-5f9a-43f2-a0d8-ff6ed5952796
Carcharodon carcharias,-33.08,151.61,2020,Australia,3f4d4bf1-5f9a-43f2-a0d8-ff6ed5952796
Carcharodon carcharias,-38.4,141.29,2020,Australia,3f4d4bf1-5f9a-43f2-a0d8-ff6ed5952796
Carcharodon carcharias,-42.65,148.18,2020,Australia,3f4d4bf1-5f9a-43f2-a0d8-ff6ed5952796
Carcharodon carcharias,-36.26,150.21,2020,Australia,3f4d4bf1-5f9a-43f2-a0d8-ff6ed5952796
Carcharodon carcharias,-32.99,151.62,2020,Australia,3f4d4bf1-5f9a-43f2-a0d8-ff6ed5952796
Carcharodon carcharias,-42.66,148.2,2020,Australia,3f4d4bf1-5f9a-43f2-a0d8-ff6ed5952796
Carcharodon carcharias,-25.88,153.37,2020,Australia,3f4d4bf1-5f9a-43f2-a0d8-ff6ed5952796
Carcharodon carcharias,-38.4,141.3,2020,Australia,3f4d4bf1-5f9a-43f2-a0d8-ff6ed5952796
Carcharodon carcharias,-33.94,151.36,2020,Australia,3f4d4bf1-5f9a-43f2-a0d8-ff6ed5952796
Carcharodon carcharias,-33.93,151.34,2020,Australia,3f4d4bf1-5f9a-43f2-a0d8-ff6ed5952796
Carcharodon carcharias,-26.54,153.57,2020,Australia,3f4d4bf1-5f9a-43f2-a0d8-ff6ed5952796
Carcharodon carcharias,-33.93,151.35,2020,Australia,3f4d4bf1-5f9a-43f2-a0d8-ff6ed5952796
Carcharodon carcharias,-33.07,151.63,2020,Australia,3f4d4bf1-5f9a-43f2-a0d8-ff6ed5952796
Carcharodon carcharias,-50.270408,166.270196,2020,New Zealand,2cd1e1df-4881-404e-8303-31d42e304fb4
Carcharodon carcharias,-50.255879,166.186047,2020,New Zealand,2cd1e1df-4881-404e-8303-31d42e304fb4
Carcharodon carcharias,-49.950161,166.339551,2020,New Zealand,2cd1e1df-4881-404e-8303-31d42e304fb4
Carcharodon carcharias,-50.67816,166.925195,2020,New Zealand,2cd1e1df-4881-404e-8303-31d42e304fb4
Carcharodon carcharias,-50.099838,166.175549,2020,New Zealand,2cd1e1df-4881-404e-8303-31d42e304fb4
Carcharodon carcharias,-51.0548,166.471965,2020,New Zealand,2cd1e1df-4881-404e-8303-31d42e304fb4
Carcharodon carcharias,-50.635472,167.158325,2020,New Zealand,2cd1e1df-4881-404e-8303-31d42e304fb4
Carcharodon carcharias,-36.612226,174.722979,2020,New Zealand,50c9509d-22c7-4a22-a47d-8c48425ef4a7
Carcharodon carcharias,-34.726404,136.05359,2020,Australia,e3ce628e-9683-4af7-b7a9-47eef785d3bb
Carcharodon carcharias,-35.1,118.06,2020,Australia,3f4d4bf1-5f9a-43f2-a0d8-ff6ed5952796
Carcharodon carcharias,-35.28,136.08,2020,Australia,3f4d4bf1-5f9a-43f2-a0d8-ff6ed5952796
Carcharodon carcharias,-35.77,138.29,2020,Australia,3f4d4bf1-5f9a-43f2-a0d8-ff6ed5952796
Carcharodon carcharias,-26.6,153.33,2020,Australia,3f4d4bf1-5f9a-43f2-a0d8-ff6ed5952796
Carcharodon carcharias,-35.76,138.3,2020,Australia,3f4d4bf1-5f9a-43f2-a0d8-ff6ed5952796
Carcharodon carcharias,-33.9,151.3,2020,Australia,3f4d4bf1-5f9a-43f2-a0d8-ff6ed5952796
Carcharodon carcharias,-34.1,151.18,2020,Australia,3f4d4bf1-5f9a-43f2-a0d8-ff6ed5952796
Carcharodon carcharias,-33.9,151.29,2020,Australia,3f4d4bf1-5f9a-43f2-a0d8-ff6ed5952796
Carcharodon carcharias,-33.05,151.62,2020,Australia,3f4d4bf1-5f9a-43f2-a0d8-ff6ed5952796
Carcharodon carcharias,-33.09,151.59,2020,Australia,3f4d4bf1-5f9a-43f2-a0d8-ff6ed5952796
Carcharodon carcharias,-33.14,151.59,2020,Australia,3f4d4bf1-5f9a-43f2-a0d8-ff6ed5952796
Carcharodon carcharias,-33.92,151.32,2020,Australia,3f4d4bf1-5f9a-43f2-a0d8-ff6ed5952796
Carcharodon carcharias,-36.26,150.2,2020,Australia,3f4d4bf1-5f9a-43f2-a0d8-ff6ed5952796
Carcharodon carcharias,36.97613,-121.927229,2020,United States of America,50c9509d-22c7-4a22-a47d-8c48425ef4a7
Carcharodon carcharias,36.806317,-121.928352,2020,United States of America,50c9509d-22c7-4a22-a47d-8c48425ef4a7
Carcharodon carcharias,-33.91,151.32,2020,Australia,3f4d4bf1-5f9a-43f2-a0d8-ff6ed5952796
Carcharodon carcharias,-33.1,151.58,2020,Australia,3f4d4bf1-5f9a-43f2-a0d8-ff6ed5952796
Carcharodon carcharias,-33.09,151.55,2020,Australia,3f4d4bf1-5f9a-43f2-a0d8-ff6ed5952796
Carcharodon carcharias,-27.93,153.75,2020,Australia,3f4d4bf1-5f9a-43f2-a0d8-ff6ed5952796
Galeocerdo cuvier,-23.147981,113.753724,2025,Australia,50c9509d-22c7-4a22-a47d-8c48425ef4a7
Galeocerdo cuvier,-29.159526,167.964168,2025,Norfolk Island,50c9509d-22c7-4a22-a47d-8c48425ef4a7
Galeocerdo cuvier,-0.42769,-90.329049,2025,Ecuador,50c9509d-22c7-4a22-a47d-8c48425ef4a7
Galeocerdo cuvier,4.36285,73.572509,2025,Maldives,50c9509d-22c7-4a22-a47d-8c48425ef4a7
Galeocerdo cuvier,8.677206,-83.213192,2025,Costa Rica,50c9509d-22c7-4a22-a47d-8c48425ef4a7
Galeocerdo cuvier,1.756971,-91.932095,2025,Ecuador,50c9509d-22c7-4a22-a47d-8c48425ef4a7
Galeocerdo cuvier,-23.50651,152.091529,2025,Australia,50c9509d-22c7-4a22-a47d-8c48425ef4a7
Galeocerdo cuvier,11.352204,124.134387,2025,Philippines,50c9509d-22c7-4a22-a47d-8c48425ef4a7
Galeocerdo cuvier,11.341423,124.034487,2025,Philippines,50c9509d-22c7-4a22-a47d-8c48425ef4a7
Galeocerdo cuvier,-0.242183,73.427861,2025,Maldives,50c9509d-22c7-4a22-a47d-8c48425ef4a7
Galeocerdo cuvier,12.833658,74.944934,2025,India,50c9509d-22c7-4a22-a47d-8c48425ef4a7
Galeocerdo cuvier,-22.453787,-41.969988,2025,Brazil,50c9509d-22c7-4a22-a47d-8c48425ef4a7
Galeocerdo cuvier,-24.110893,152.712607,2025,Australia,50c9509d-22c7-4a22-a47d-8c48425ef4a7
Galeocerdo cuvier,27.253351,-78.293299,2025,Bahamas,50c9509d-22c7-4a22-a47d-8c48425ef4a7
Galeocerdo cuvier,-36.86643,176.027965,2025,New Zealand,50c9509d-22c7-4a22-a47d-8c48425ef4a7
Galeocerdo cuvier,-16.608232,146.214371,2025,Australia,50c9509d-22c7-4a22-a47d-8c48425ef4a7
Galeocerdo cuvier,24.917928,-81.041427,2025,United States of America,50c9509d-22c7-4a22-a47d-8c48425ef4a7
Galeocerdo cuvier,-26.984377,32.854687,2025,Mozambique,50c9509d-22c7-4a22-a47d-8c48425ef4a7
Galeocerdo cuvier,-23.135959,113.720861,2025,Australia,50c9509d-22c7-4a22-a47d-8c48425ef4a7
Galeocerdo cuvier,17.698969,83.291657,2025,India,50c9509d-22c7-4a22-a47d-8c48425ef4a7
Galeocerdo cuvier,7.396953,79.86191,2025,Sri Lanka,50c9509d-22c7-4a22-a47d-8c48425ef4a7
Galeocerdo cuvier,-23.133625,113.760669,2025,Australia,50c9509d-22c7-4a22-a47d-8c48425ef4a7
Galeocerdo cuvier,-11.982837,141.9393,2025,Australia,50c9509d-22c7-4a22-a47d-8c48425ef4a7
Galeocerdo cuvier,20.970393,-86.891638,2025,Mexico,50c9509d-22c7-4a22-a47d-8c48425ef4a7
Galeocerdo cuvier,1.747487,-91.830018,2025,Ecuador,50c9509d-22c7-4a22-a47d-8c48425ef4a7
Galeocerdo cuvier,26.921542,-79.180391,2025,Bahamas,50c9509d-22c7-4a22-a47d-8c48425ef4a7
Galeocerdo cuvier,4.219376,73.467432,2025,Maldives,50c9509d-22c7-4a22-a47d-8c48425ef4a7
Galeocerdo cuvier,11.215207,124.18607,2025,Philippines,50c9509d-22c7-4a22-a47d-8c48425ef4a7
Galeocerdo cuvier,28.979921,-83.163816,2025,United States of America,50c9509d-22c7-4a22-a47d-8c48425ef4a7
Galeocerdo cuvier,11.386146,124.067871,2025,Philippines,50c9509d-22c7-4a22-a47d-8c48425ef4a7
Galeocerdo cuvier,-18.292383,178.193676,2025,Fiji,50c9509d-22c7-4a22-a47d-8c48425ef4a7
Galeocerdo cuvier,-18.256896,178.022204,2025,Fiji,50c9509d-22c7-4a22-a47d-8c48425ef4a7
Galeocerdo cuvier,4.133704,73.588399,2025,Maldives,50c9509d-22c7-4a22-a47d-8c48425ef4a7
Galeocerdo cuvier,-18.353482,178.091914,2025,Fiji,50c9509d-22c7-4a22-a47d-8c48425ef4a7
Galeocerdo cuvier,-18.317485,178.058295,2025,Fiji,50c9509d-22c7-4a22-a47d-8c48425ef4a7
Galeocerdo cuvier,-18.277307,178.191999,2025,Fiji,50c9509d-22c7-4a22-a47d-8c48425ef4a7
Galeocerdo cuvier,-18.245603,178.154324,2025,Fiji,50c9509d-22c7-4a22-a47d-8c48425ef4a7
Galeocerdo cuvier,-18.292221,178.03835,2025,Fiji,50c9509d-22c7-4a22-a47d-8c48425ef4a7
Galeocerdo cuvier,34.388463,-77.601427,2025,United States of America,50c9509d-22c7-4a22-a47d-8c48425ef4a7
Galeocerdo cuvier,21.528844,-158.100559,2025,United States of America,50c9509d-22c7-4a22-a47d-8c48425ef4a7
Galeocerdo cuvier,-0.320414,73.43019,2025,Maldives,50c9509d-22c7-4a22-a47d-8c48425ef4a7
Galeocerdo cuvier,-18.27807,178.1768,2025,Fiji,50c9509d-22c7-4a22-a47d-8c48425ef4a7
Galeocerdo cuvier,-18.246564,178.057161,2025,Fiji,50c9509d-22c7-4a22-a47d-8c48425ef4a7
Galeocerdo cuvier,-18.304785,178.143766,2025,Fiji,50c9509d-22c7-4a22-a47d-8c48425ef4a7
Galeocerdo cuvier,29.15834,-95.15928,2025,United States of America,50c9509d-22c7-4a22-a47d-8c48425ef4a7
Galeocerdo cuvier,20.673078,-86.643655,2025,Mexico,50c9509d-22c7-4a22-a47d-8c48425ef4a7
Galeocerdo cuvier,21.656858,-158.1846,2025,United States of America,50c9509d-22c7-4a22-a47d-8c48425ef4a7
Galeocerdo cuvier,4.309228,73.445734,2025,Maldives,50c9509d-22c7-4a22-a47d-8c48425ef4a7
Galeocerdo cuvier,-23.191163,113.628591,2025,Australia,50c9509d-22c7-4a22-a47d-8c48425ef4a7
Galeocerdo cuvier,4.333123,73.53217,2025,Maldives,50c9509d-22c7-4a22-a47d-8c48425ef4a7
Galeocerdo cuvier,-4.62809,11.924355,2025,Congo,50c9509d-22c7-4a22-a47d-8c48425ef4a7
Galeocerdo cuvier,4.353147,73.405338,2025,Maldives,50c9509d-22c7-4a22-a47d-8c48425ef4a7
Galeocerdo cuvier,17.705252,83.380958,2025,India,50c9509d-22c7-4a22-a47d-8c48425ef4a7
Galeocerdo cuvier,21.720536,-158.008596,2025,United States of America,50c9509d-22c7-4a22-a47d-8c48425ef4a7
Galeocerdo cuvier,21.617935,-158.104331,2025,United States of America,50c9509d-22c7-4a22-a47d-8c48425ef4a7
Galeocerdo cuvier,24.639161,118.662333,2025,China,50c9509d-22c7-4a22-a47d-8c48425ef4a7
Galeocerdo cuvier,4.150198,73.447347,2024,Maldives,50c9509d-22c7-4a22-a47d-8c48425ef4a7
Galeocerdo cuvier,4.343643,73.450104,2024,Maldives,50c9509d-22c7-4a22-a47d-8c48425ef4a7
Galeocerdo cuvier,-0.501053,-90.294949,2024,Ecuador,50c9509d-22c7-4a22-a47d-8c48425ef4a7
Galeocerdo cuvier,4.084027,73.418141,2024,Maldives,50c9509d-22c7-4a22-a47d-8c48425ef4a7
Galeocerdo cuvier,19.19784,-96.050681,2024,Mexico,50c9509d-22c7-4a22-a47d-8c48425ef4a7
Galeocerdo cuvier,1.725605,-91.969232,2024,Ecuador,50c9509d-22c7-4a22-a47d-8c48425ef4a7
Galeocerdo cuvier,-29.151463,167.848266,2024,Norfolk Island,50c9509d-22c7-4a22-a47d-8c48425ef4a7
Galeocerdo cuvier,-23.475688,152.0749,2024,Australia,50c9509d-22c7-4a22-a47d-8c48425ef4a7
Galeocerdo cuvier,-8.541288,126.013376,2024,Timor-Leste,50c9509d-22c7-4a22-a47d-8c48425ef4a7
Galeocerdo cuvier,17.60029,83.377799,2024,India,50c9509d-22c7-4a22-a47d-8c48425ef4a7
Galeocerdo cuvier,27.569077,-78.939792,2024,Bahamas,50c9509d-22c7-4a22-a47d-8c48425ef4a7
Galeocerdo cuvier,-0.302305,73.480919,2024,Maldives,50c9509d-22c7-4a22-a47d-8c48425ef4a7
Galeocerdo cuvier,27.948907,126.107897,2024,Japan,50c9509d-22c7-4a22-a47d-8c48425ef4a7
Galeocerdo cuvier,-23.164588,113.701916,2024,Australia,50c9509d-22c7-4a22-a47d-8c48425ef4a7
Galeocerdo cuvier,-22.645852,113.642232,2024,Australia,50c9509d-22c7-4a22-a47d-8c48425ef4a7
Galeocerdo cuvier,-18.26406,178.04523,2024,Fiji,50c9509d-22c7-4a22-a47d-8c48425ef4a7
Galeocerdo cuvier,-18.211812,178.046695,2024,Fiji,50c9509d-22c7-4a22-a47d-8c48425ef4a7
Galeocerdo cuvier,19.625466,-156.16625,2024,United States of America,50c9509d-22c7-4a22-a47d-8c48425ef4a7
Galeocerdo cuvier,19.687674,-156.140654,2024,United States of America,50c9509d-22c7-4a22-a47d-8c48425ef4a7
Galeocerdo cuvier,-18.298666,178.190671,2024,Fiji,50c9509d-22c7-4a22-a47d-8c48425ef4a7
Galeocerdo cuvier,4.000182,-81.613827,2024,Colombia,73a5c1ec-44f7-4d52-87cc-5547354367c3
Galeocerdo cuvier,4.004691,-81.602608,2024,Colombia,73a5c1ec-44f7-4d52-87cc-5547354367c3
Galeocerdo cuvier,-8.488515,126.101727,2024,Timor-Leste,50c9509d-22c7-4a22-a47d-8c48425ef4a7
Galeocerdo cuvier,19.618066,-155.852714,2024,United States of America,50c9509d-22c7-4a22-a47d-8c48425ef4a7
Galeocerdo cuvier,-23.102475,113.750149,2024,Australia,50c9509d-22c7-4a22-a47d-8c48425ef4a7
Galeocerdo cuvier,21.727671,-158.030169,2024,United States of America,50c9509d-22c7-4a22-a47d-8c48425ef4a7
Galeocerdo cuvier,-18.237012,178.053493,2024,Fiji,50c9509d-22c7-4a22-a47d-8c48425ef4a7
Galeocerdo cuvier,19.744413,-156.054325,2024,United States of America,50c9509d-22c7-4a22-a47d-8c48425ef4a7
Galeocerdo cuvier,38.732479,-74.298256,2024,United States of America,50c9509d-22c7-4a22-a47d-8c48425ef4a7
Galeocerdo cuvier,38.744222,-74.088176,2024,United States of America,50c9509d-22c7-4a22-a47d-8c48425ef4a7
Galeocerdo cuvier,-18.310357,178.018396,2024,Fiji,50c9509d-22c7-4a22-a47d-8c48425ef4a7
Galeocerdo cuvier,38.652451,-74.558562,2024,United States of America,50c9509d-22c7-4a22-a47d-8c48425ef4a7
Galeocerdo cuvier,25.763954,-80.076269,2024,United States of America,50c9509d-22c7-4a22-a47d-8c48425ef4a7
Galeocerdo cuvier,-18.542495,146.362717,2024,Australia,50c9509d-22c7-4a22-a47d-8c48425ef4a7
Galeocerdo cuvier,15.215511,145.893508,2024,Northern Mariana Islands,50c9509d-22c7-4a22-a47d-8c48425ef4a7
Galeocerdo cuvier,20.245133,-155.771119,2024,United States of America,50c9509d-22c7-4a22-a47d-8c48425ef4a7
Galeocerdo cuvier,-2.114978,-80.918208,2024,Ecuador,50c9509d-22c7-4a22-a47d-8c48425ef4a7
Galeocerdo cuvier,5.938742,116.130244,2024,Malaysia,50c9509d-22c7-4a22-a47d-8c48425ef4a7
Galeocerdo cuvier,19.783302,-156.047261,2024,United States of America,50c9509d-22c7-4a22-a47d-8c48425ef4a7
Galeocerdo cuvier,26.972126,-80.02465,2024,United States of America,50c9509d-22c7-4a22-a47d-8c48425ef4a7
Galeocerdo cuvier,19.626194,-156.095827,2024,United States of America,50c9509d-22c7-4a22-a47d-8c48425ef4a7
Galeocerdo cuvier,13.025574,-61.041787,2024,Saint Vincent and the Grenadines,50c9509d-22c7-4a22-a47d-8c48425ef4a7
Galeocerdo cuvier,26.837777,-80.034755,2024,United States of America,50c9509d-22c7-4a22-a47d-8c48425ef4a7
Galeocerdo cuvier,3.999989,-81.6005,2024,Colombia,6c59c9b6-a3fa-4861-aab9-f188533298e7
Galeocerdo cuvier,4.00766,-81.602544,2024,Colombia,6c59c9b6-a3fa-4861-aab9-f188533298e7
Galeocerdo cuvier,25.628548,-79.304431,2023,Bahamas,50c9509d-22c7-4a22-a47d-8c48425ef4a7
Galeocerdo cuvier,-0.279959,73.464174,2023,Maldives,50c9509d-22c7-4a22-a47d-8c48425ef4a7
Galeocerdo cuvier,23.76009,90.208011,2023,Bangladesh,50c9509d-22c7-4a22-a47d-8c48425ef4a7
Galeocerdo cuvier,-14.96867,-147.62655,2023,French Polynesia,8e9974a4-12e2-475f-9aec-5abdf24a1f50
Galeocerdo cuvier,23.699654,90.208896,2023,Bangladesh,50c9509d-22c7-4a22-a47d-8c48425ef4a7
Galeocerdo cuvier,23.62887,90.218509,2023,Bangladesh,50c9509d-22c7-4a22-a47d-8c48425ef4a7
Galeocerdo cuvier,-0.286382,73.559853,2023,Maldives,50c9509d-22c7-4a22-a47d-8c48425ef4a7
Galeocerdo cuvier,19.395,-110.73881,2023,Mexico,50c9509d-22c7-4a22-a47d-8c48425ef4a7
Galeocerdo cuvier,-21.62576,165.36667,2023,New Caledonia,b2f19afe-52d7-4d10-80fe-861e7ec76804
Galeocerdo cuvier,-0.373478,73.424481,2023,Maldives,50c9509d-22c7-4a22-a47d-8c48425ef4a7
Galeocerdo cuvier,0.425298,73.484713,2023,Maldives,50c9509d-22c7-4a22-a47d-8c48425ef4a7
Galeocerdo cuvier,25.739431,-79.319371,2023,Bahamas,50c9509d-22c7-4a22-a47d-8c48425ef4a7
Galeocerdo cuvier,-10.263394,40.18745,2023,"Tanzania, United Republic of",040c5662-da76-4782-a48e-cdea1892d14c
Galeocerdo cuvier,-22.8045,166.7523,2023,New Caledonia,b2f19afe-52d7-4d10-80fe-861e7ec76804
Galeocerdo cuvier,18.3475,-114.679444,2023,Mexico,f0c35f1c-cfc0-4e14-88df-eaec3b80ae78
Galeocerdo cuvier,19.3288,-110.792778,2023,Mexico,f0c35f1c-cfc0-4e14-88df-eaec3b80ae78
Galeocerdo cuvier,18.7805,-111.044667,2023,Mexico,f0c35f1c-cfc0-4e14-88df-eaec3b80ae78
Galeocerdo cuvier,-12.243539,143.228744,2023,Australia,50c9509d-22c7-4a22-a47d-8c48425ef4a7
Galeocerdo cuvier,-24.113107,152.714897,2023,Australia,50c9509d-22c7-4a22-a47d-8c48425ef4a7
Galeocerdo cuvier,11.333396,124.178405,2023,Philippines,50c9509d-22c7-4a22-a47d-8c48425ef4a7
Galeocerdo cuvier,29.75551,-84.889975,2023,United States of America,50c9509d-22c7-4a22-a47d-8c48425ef4a7
Galeocerdo cuvier,-0.220768,73.497917,2023,Maldives,50c9509d-22c7-4a22-a47d-8c48425ef4a7
Galeocerdo cuvier,-21.829186,114.068733,2023,Australia,8241c49f-36bc-4cf2-a707-75bae56e9986
Galeocerdo cuvier,-21.829588,114.174572,2023,Australia,8241c49f-36bc-4cf2-a707-75bae56e9986
Galeocerdo cuvier,28.613124,-95.215641,2023,United States of America,50c9509d-22c7-4a22-a47d-8c48425ef4a7
Galeocerdo cuvier,27.90104,-82.880668,2023,United States of America,50c9509d-22c7-4a22-a47d-8c48425ef4a7
Galeocerdo cuvier,-0.343496,73.511295,2023,Maldives,50c9509d-22c7-4a22-a47d-8c48425ef4a7
Galeocerdo cuvier,21.618988,-158.157729,2023,United States of America,50c9509d-22c7-4a22-a47d-8c48425ef4a7
Galeocerdo cuvier,24.743325,-81.137857,2023,United States of America,50c9509d-22c7-4a22-a47d-8c48425ef4a7
Galeocerdo cuvier,30.36478,-88.17551,2023,United States of America,50c9509d-22c7-4a22-a47d-8c48425ef4a7
Galeocerdo cuvier,32.180079,-65.007799,2023,Bermuda,50c9509d-22c7-4a22-a47d-8c48425ef4a7
Galeocerdo cuvier,27.024984,-79.06568,2023,Bahamas,50c9509d-22c7-4a22-a47d-8c48425ef4a7
Galeocerdo cuvier,4.27083,-20.408963,2023,,50c9509d-22c7-4a22-a47d-8c48425ef4a7
Galeocerdo cuvier,7.389283,-20.383223,2023,,50c9509d-22c7-4a22-a47d-8c48425ef4a7
Galeocerdo cuvier,6.34062,-20.593824,2023,,50c9509d-22c7-4a22-a47d-8c48425ef4a7
Galeocerdo cuvier,23.742248,121.689119,2023,Chinese Taipei,50c9509d-22c7-4a22-a47d-8c48425ef4a7
Galeocerdo cuvier,1.600286,-18.340987,2023,,50c9509d-22c7-4a22-a47d-8c48425ef4a7
Galeocerdo cuvier,5.868767,-18.595943,2023,,50c9509d-22c7-4a22-a47d-8c48425ef4a7
Galeocerdo cuvier,5.770242,-18.528787,2023,,50c9509d-22c7-4a22-a47d-8c48425ef4a7
Galeocerdo cuvier,-20.728331,165.137931,2023,New Caledonia,50c9509d-22c7-4a22-a47d-8c48425ef4a7
Galeocerdo cuvier,21.664536,-158.159078,2023,United States of America,50c9509d-22c7-4a22-a47d-8c48425ef4a7
Galeocerdo cuvier,19.630918,-156.048674,2023,United States of America,50c9509d-22c7-4a22-a47d-8c48425ef4a7
Galeocerdo cuvier,-18.305251,178.181045,2023,Fiji,50c9509d-22c7-4a22-a47d-8c48425ef4a7
Galeocerdo cuvier,-17.54003,-149.6204,2023,French Polynesia,8e9974a4-12e2-475f-9aec-5abdf24a1f50
Galeocerdo cuvier,26.890313,-79.901108,2023,United States of America,50c9509d-22c7-4a22-a47d-8c48425ef4a7
Galeocerdo cuvier,-18.240262,178.091394,2023,Fiji,50c9509d-22c7-4a22-a47d-8c48425ef4a7
Galeocerdo cuvier,-18.388556,178.199818,2023,Fiji,50c9509d-22c7-4a22-a47d-8c48425ef4a7
Galeocerdo cuvier,24.585369,118.117767,2023,China,50c9509d-22c7-4a22-a47d-8c48425ef4a7
Galeocerdo cuvier,3.366853,73.330065,2022,Maldives,50c9509d-22c7-4a22-a47d-8c48425ef4a7
Galeocerdo cuvier,3.35105,73.298968,2022,Maldives,50c9509d-22c7-4a22-a47d-8c48425ef4a7
Galeocerdo cuvier,21.569967,-157.858849,2022,United States of America,50c9509d-22c7-4a22-a47d-8c48425ef4a7
Galeocerdo cuvier,-27.56117,32.69188,2022,South Africa,33ac4c00-1bf6-4c28-b278-a833cf4f9847
Galeocerdo cuvier,-27.56118,32.68622,2022,South Africa,33ac4c00-1bf6-4c28-b278-a833cf4f9847
Galeocerdo cuvier,-27.56123,32.69818,2022,South Africa,33ac4c00-1bf6-4c28-b278-a833cf4f9847
Galeocerdo cuvier,-18.317989,178.012603,2022,Fiji,50c9509d-22c7-4a22-a47d-8c48425ef4a7
Galeocerdo cuvier,23.697823,90.31554,2022,Bangladesh,50c9509d-22c7-4a22-a47d-8c48425ef4a7
Galeocerdo cuvier,-0.222329,73.55395,2022,Maldives,50c9509d-22c7-4a22-a47d-8c48425ef4a7
Galeocerdo cuvier,-0.23246,73.497878,2022,Maldives,50c9509d-22c7-4a22-a47d-8c48425ef4a7
Galeocerdo cuvier,-0.239665,73.448203,2022,Maldives,50c9509d-22c7-4a22-a47d-8c48425ef4a7
Galeocerdo cuvier,-0.2561,73.450232,2022,Maldives,50c9509d-22c7-4a22-a47d-8c48425ef4a7
Galeocerdo cuvier,-0.393822,73.535096,2022,Maldives,50c9509d-22c7-4a22-a47d-8c48425ef4a7
Galeocerdo cuvier,-12.312902,-37.969378,2022,Brazil,50c9509d-22c7-4a22-a47d-8c48425ef4a7
Galeocerdo cuvier,27.032042,-79.053481,2022,Bahamas,50c9509d-22c7-4a22-a47d-8c48425ef4a7
Galeocerdo cuvier,25.15501,-81.136647,2022,United States of America,50c9509d-22c7-4a22-a47d-8c48425ef4a7
Galeocerdo cuvier,27.151184,-79.198747,2022,Bahamas,50c9509d-22c7-4a22-a47d-8c48425ef4a7
Galeocerdo cuvier,27.119166,-79.09061,2022,Bahamas,50c9509d-22c7-4a22-a47d-8c48425ef4a7
Galeocerdo cuvier,27.010285,-79.067183,2022,Bahamas,50c9509d-22c7-4a22-a47d-8c48425ef4a7
Galeocerdo cuvier,27.019554,-79.078492,2022,Bahamas,50c9509d-22c7-4a22-a47d-8c48425ef4a7
Galeocerdo cuvier,27.136104,-79.017081,2022,Bahamas,50c9509d-22c7-4a22-a47d-8c48425ef4a7
Galeocerdo cuvier,27.099512,-79.158945,2022,Bahamas,50c9509d-22c7-4a22-a47d-8c48425ef4a7
Galeocerdo cuvier,27.010636,-79.19743,2022,Bahamas,50c9509d-22c7-4a22-a47d-8c48425ef4a7
Galeocerdo cuvier,3.26797,73.366944,2022,Maldives,50c9509d-22c7-4a22-a47d-8c48425ef4a7
Galeocerdo cuvier,3.392189,73.208559,2022,Maldives,50c9509d-22c7-4a22-a47d-8c48425ef4a7
Galeocerdo cuvier,1.678,-91.99657,2022,Ecuador,84cb2584-dcae-4fb6-b9d9-1e9aad5d0204
Galeocerdo cuvier,2.46909,9.869867,2022,Cameroon,50c9509d-22c7-4a22-a47d-8c48425ef4a7
Galeocerdo cuvier,22.518508,-78.503054,2022,Cuba,50c9509d-22c7-4a22-a47d-8c48425ef4a7
Galeocerdo cuvier,21.707789,-158.049883,2022,United States of America,50c9509d-22c7-4a22-a47d-8c48425ef4a7
Galeocerdo cuvier,-22.7574,113.5382,2022,Australia,c6451fd1-6849-40df-a19f-20a346e2878c
Galeocerdo cuvier,16.328194,-86.423565,2022,Honduras,50c9509d-22c7-4a22-a47d-8c48425ef4a7
Galeocerdo cuvier,-31.62012,29.60012,2022,South Africa,33ac4c00-1bf6-4c28-b278-a833cf4f9847
Galeocerdo cuvier,-31.62441,29.60713,2022,South Africa,33ac4c00-1bf6-4c28-b278-a833cf4f9847
Galeocerdo cuvier,38.583474,-73.084192,2022,United States of America,50c9509d-22c7-4a22-a47d-8c48425ef4a7
Galeocerdo cuvier,28.673284,-87.722281,2022,United States of America,50c9509d-22c7-4a22-a47d-8c48425ef4a7
Galeocerdo cuvier,-18.36063,178.136439,2022,Fiji,50c9509d-22c7-4a22-a47d-8c48425ef4a7
Galeocerdo cuvier,-18.353427,178.002657,2022,Fiji,50c9509d-22c7-4a22-a47d-8c48425ef4a7
Galeocerdo cuvier,-18.273275,178.098836,2022,Fiji,50c9509d-22c7-4a22-a47d-8c48425ef4a7
Galeocerdo cuvier,-18.24623,178.079505,2022,Fiji,50c9509d-22c7-4a22-a47d-8c48425ef4a7
Galeocerdo cuvier,30.322339,-88.074789,2022,United States of America,50c9509d-22c7-4a22-a47d-8c48425ef4a7
Galeocerdo cuvier,25.419182,-79.260034,2022,Bahamas,50c9509d-22c7-4a22-a47d-8c48425ef4a7
Galeocerdo cuvier,-27.56117,32.69183,2022,South Africa,33ac4c00-1bf6-4c28-b278-a833cf4f9847
Galeocerdo cuvier,-27.56117,32.69802,2022,South Africa,33ac4c00-1bf6-4c28-b278-a833cf4f9847
Galeocerdo cuvier,21.512141,-158.191894,2022,United States of America,50c9509d-22c7-4a22-a47d-8c48425ef4a7
Galeocerdo cuvier,40.585068,-73.447266,2022,United States of America,040c5662-da76-4782-a48e-cdea1892d14c
Galeocerdo cuvier,23.707999,90.393902,2022,Bangladesh,50c9509d-22c7-4a22-a47d-8c48425ef4a7
Galeocerdo cuvier,23.795649,90.244236,2022,Bangladesh,50c9509d-22c7-4a22-a47d-8c48425ef4a7
Galeocerdo cuvier,23.793106,90.27096,2022,Bangladesh,50c9509d-22c7-4a22-a47d-8c48425ef4a7
Galeocerdo cuvier,23.765856,90.351047,2022,Bangladesh,50c9509d-22c7-4a22-a47d-8c48425ef4a7
Galeocerdo cuvier,23.778014,90.220879,2022,Bangladesh,50c9509d-22c7-4a22-a47d-8c48425ef4a7
Galeocerdo cuvier,23.668426,90.226008,2022,Bangladesh,50c9509d-22c7-4a22-a47d-8c48425ef4a7
Galeocerdo cuvier,23.794404,90.310485,2022,Bangladesh,50c9509d-22c7-4a22-a47d-8c48425ef4a7
Galeocerdo cuvier,21.738839,-158.114778,2022,United States of America,50c9509d-22c7-4a22-a47d-8c48425ef4a7
Galeocerdo cuvier,23.733338,90.398973,2022,Bangladesh,50c9509d-22c7-4a22-a47d-8c48425ef4a7
Galeocerdo cuvier,-20.15,149.03,2021,Australia,3f4d4bf1-5f9a-43f2-a0d8-ff6ed5952796
Galeocerdo cuvier,-24.11,152.71,2021,Australia,3f4d4bf1-5f9a-43f2-a0d8-ff6ed5952796
Galeocerdo cuvier,-20.25,148.92,2021,Australia,3f4d4bf1-5f9a-43f2-a0d8-ff6ed5952796
Galeocerdo cuvier,-20.25,148.93,2021,Australia,3f4d4bf1-5f9a-43f2-a0d8-ff6ed5952796
Galeocerdo cuvier,-20.24,148.94,2021,Australia,3f4d4bf1-5f9a-43f2-a0d8-ff6ed5952796
Galeocerdo cuvier,-20.58,148.86,2021,Australia,3f4d4bf1-5f9a-43f2-a0d8-ff6ed5952796
Galeocerdo cuvier,-20.31,148.8,2021,Australia,3f4d4bf1-5f9a-43f2-a0d8-ff6ed5952796
Galeocerdo cuvier,-20.28,148.91,2021,Australia,3f4d4bf1-5f9a-43f2-a0d8-ff6ed5952796
Galeocerdo cuvier,-20.24,149.02,2021,Australia,3f4d4bf1-5f9a-43f2-a0d8-ff6ed5952796
Galeocerdo cuvier,-20.29,149.06,2021,Australia,3f4d4bf1-5f9a-43f2-a0d8-ff6ed5952796
Galeocerdo cuvier,-14.19,114.89,2021,Australia,3f4d4bf1-5f9a-43f2-a0d8-ff6ed5952796
Galeocerdo cuvier,-20.93,149.43,2021,Australia,3f4d4bf1-5f9a-43f2-a0d8-ff6ed5952796
Galeocerdo cuvier,27.599177,123.196915,2021,China,50c9509d-22c7-4a22-a47d-8c48425ef4a7
Galeocerdo cuvier,28.483098,121.795129,2021,China,50c9509d-22c7-4a22-a47d-8c48425ef4a7
Galeocerdo cuvier,-26.8545,32.90536,2021,Mozambique,33ac4c00-1bf6-4c28-b278-a833cf4f9847
Galeocerdo cuvier,22.943548,-109.81717,2021,Mexico,50c9509d-22c7-4a22-a47d-8c48425ef4a7
Galeocerdo cuvier,-0.265774,73.592175,2021,Maldives,50c9509d-22c7-4a22-a47d-8c48425ef4a7
Galeocerdo cuvier,-29.05,167.92,2021,Norfolk Island,3f4d4bf1-5f9a-43f2-a0d8-ff6ed5952796
Galeocerdo cuvier,-20.33,148.96,2021,Australia,3f4d4bf1-5f9a-43f2-a0d8-ff6ed5952796
Galeocerdo cuvier,-24.12,152.72,2021,Australia,3f4d4bf1-5f9a-43f2-a0d8-ff6ed5952796
Galeocerdo cuvier,-16.29,145.84,2021,Australia,3f4d4bf1-5f9a-43f2-a0d8-ff6ed5952796
Galeocerdo cuvier,-20.28,149.07,2021,Australia,3f4d4bf1-5f9a-43f2-a0d8-ff6ed5952796
Galeocerdo cuvier,-20.07,148.96,2021,Australia,3f4d4bf1-5f9a-43f2-a0d8-ff6ed5952796
Galeocerdo cuvier,1.711659,-91.838376,2021,Ecuador,50c9509d-22c7-4a22-a47d-8c48425ef4a7
Galeocerdo cuvier,-23.3,151.69,2021,Australia,3f4d4bf1-5f9a-43f2-a0d8-ff6ed5952796
Galeocerdo cuvier,-16.19,145.89,2021,Australia,3f4d4bf1-5f9a-43f2-a0d8-ff6ed5952796
Galeocerdo cuvier,-33.83,151.29,2021,Australia,3f4d4bf1-5f9a-43f2-a0d8-ff6ed5952796
Galeocerdo cuvier,-18.65,146.48,2021,Australia,3f4d4bf1-5f9a-43f2-a0d8-ff6ed5952796
Galeocerdo cuvier,-13.97,114.46,2021,Australia,3f4d4bf1-5f9a-43f2-a0d8-ff6ed5952796
Galeocerdo cuvier,-23.102774,113.765892,2021,Australia,50c9509d-22c7-4a22-a47d-8c48425ef4a7
Galeocerdo cuvier,-20.16,148.96,2021,Australia,3f4d4bf1-5f9a-43f2-a0d8-ff6ed5952796
Galeocerdo cuvier,-19.18,147.01,2021,Australia,3f4d4bf1-5f9a-43f2-a0d8-ff6ed5952796
Galeocerdo cuvier,-20.5,148.81,2021,Australia,3f4d4bf1-5f9a-43f2-a0d8-ff6ed5952796
Galeocerdo cuvier,-20.22,148.94,2021,Australia,3f4d4bf1-5f9a-43f2-a0d8-ff6ed5952796
Galeocerdo cuvier,-20.26,148.94,2021,Australia,3f4d4bf1-5f9a-43f2-a0d8-ff6ed5952796
Galeocerdo cuvier,-20.1,148.72,2021,Australia,3f4d4bf1-5f9a-43f2-a0d8-ff6ed5952796
Galeocerdo cuvier,-20.93,149.06,2021,Australia,3f4d4bf1-5f9a-43f2-a0d8-ff6ed5952796
Galeocerdo cuvier,-19.71,149.18,2021,Australia,3f4d4bf1-5f9a-43f2-a0d8-ff6ed5952796
Carcharhinus leucas,29.69467,-81.203679,2025,United States of America,50c9509d-22c7-4a22-a47d-8c48425ef4a7
Carcharhinus leucas,26.971701,-80.026106,2025,United States of America,50c9509d-22c7-4a22-a47d-8c48425ef4a7
Carcharhinus leucas,27.722111,-82.539048,2025,United States of America,50c9509d-22c7-4a22-a47d-8c48425ef4a7
Carcharhinus leucas,25.757323,-81.386331,2025,United States of America,50c9509d-22c7-4a22-a47d-8c48425ef4a7
Carcharhinus leucas,23.511291,-109.439641,2025,Mexico,50c9509d-22c7-4a22-a47d-8c48425ef4a7
Carcharhinus leucas,-30.263256,30.875532,2025,South Africa,50c9509d-22c7-4a22-a47d-8c48425ef4a7
Carcharhinus leucas,12.447351,101.922706,2025,Thailand,50c9509d-22c7-4a22-a47d-8c48425ef4a7
Carcharhinus leucas,25.655357,-79.309079,2025,Bahamas,50c9509d-22c7-4a22-a47d-8c48425ef4a7
Carcharhinus leucas,30.528275,-86.792296,2025,United States of America,50c9509d-22c7-4a22-a47d-8c48425ef4a7
Carcharhinus leucas,20.634159,-87.078844,2025,Mexico,50c9509d-22c7-4a22-a47d-8c48425ef4a7
Carcharhinus leucas,-30.337505,30.667949,2025,South Africa,50c9509d-22c7-4a22-a47d-8c48425ef4a7
Carcharhinus leucas,25.707317,-79.333394,2025,Bahamas,50c9509d-22c7-4a22-a47d-8c48425ef4a7
Carcharhinus leucas,29.004611,-83.000686,2025,United States of America,50c9509d-22c7-4a22-a47d-8c48425ef4a7
Carcharhinus leucas,20.4003,-86.958221,2025,Mexico,50c9509d-22c7-4a22-a47d-8c48425ef4a7
Carcharhinus leucas,20.567676,-86.856333,2025,Mexico,50c9509d-22c7-4a22-a47d-8c48425ef4a7
Carcharhinus leucas,20.556481,-86.825416,2025,Mexico,50c9509d-22c7-4a22-a47d-8c48425ef4a7
Carcharhinus leucas,20.543174,-86.839839,2025,Mexico,50c9509d-22c7-4a22-a47d-8c48425ef4a7
Carcharhinus leucas,20.464723,-86.992751,2025,Mexico,50c9509d-22c7-4a22-a47d-8c48425ef4a7
Carcharhinus leucas,-18.36274,178.02801,2025,Fiji,50c9509d-22c7-4a22-a47d-8c48425ef4a7
Carcharhinus leucas,-18.388466,178.156625,2025,Fiji,50c9509d-22c7-4a22-a47d-8c48425ef4a7
Carcharhinus leucas,-18.271159,178.015056,2025,Fiji,50c9509d-22c7-4a22-a47d-8c48425ef4a7
Carcharhinus leucas,-18.355491,178.057319,2025,Fiji,50c9509d-22c7-4a22-a47d-8c48425ef4a7
Carcharhinus leucas,-27.129066,153.052322,2025,Australia,50c9509d-22c7-4a22-a47d-8c48425ef4a7
Carcharhinus leucas,20.40852,-86.93426,2025,Mexico,50c9509d-22c7-4a22-a47d-8c48425ef4a7
Carcharhinus leucas,20.509499,-87.003289,2025,Mexico,50c9509d-22c7-4a22-a47d-8c48425ef4a7
Carcharhinus leucas,20.734717,-87.045427,2025,Mexico,50c9509d-22c7-4a22-a47d-8c48425ef4a7
Carcharhinus leucas,20.639036,-86.906961,2025,Mexico,50c9509d-22c7-4a22-a47d-8c48425ef4a7
Carcharhinus leucas,-30.887913,153.031114,2025,Australia,50c9509d-22c7-4a22-a47d-8c48425ef4a7
Carcharhinus leucas,24.796075,-76.844181,2025,Bahamas,50c9509d-22c7-4a22-a47d-8c48425ef4a7
Carcharhinus leucas,27.391419,-78.36124,2025,Bahamas,50c9509d-22c7-4a22-a47d-8c48425ef4a7
Carcharhinus leucas,27.18305,-80.049582,2025,United States of America,50c9509d-22c7-4a22-a47d-8c48425ef4a7
Carcharhinus leucas,1.521038,103.762634,2025,Malaysia,50c9509d-22c7-4a22-a47d-8c48425ef4a7
Carcharhinus leucas,1.421214,103.642083,2025,Malaysia,50c9509d-22c7-4a22-a47d-8c48425ef4a7
Carcharhinus leucas,26.034695,-81.609163,2025,United States of America,50c9509d-22c7-4a22-a47d-8c48425ef4a7
Carcharhinus leucas,-17.226401,177.19357,2025,Fiji,50c9509d-22c7-4a22-a47d-8c48425ef4a7
Carcharhinus leucas,1.520716,103.690749,2025,Malaysia,50c9509d-22c7-4a22-a47d-8c48425ef4a7
Carcharhinus leucas,-17.357361,177.052104,2025,Fiji,50c9509d-22c7-4a22-a47d-8c48425ef4a7
Carcharhinus leucas,5.995986,116.048892,2025,Malaysia,50c9509d-22c7-4a22-a47d-8c48425ef4a7
Carcharhinus leucas,23.461323,-109.596902,2025,Mexico,50c9509d-22c7-4a22-a47d-8c48425ef4a7
Carcharhinus leucas,23.595135,-109.577174,2025,Mexico,50c9509d-22c7-4a22-a47d-8c48425ef4a7
Carcharhinus leucas,30.445575,-87.903047,2025,United States of America,50c9509d-22c7-4a22-a47d-8c48425ef4a7
Carcharhinus leucas,15.807107,-87.989984,2025,Honduras,50c9509d-22c7-4a22-a47d-8c48425ef4a7
Carcharhinus leucas,23.585384,-109.57711,2025,Mexico,50c9509d-22c7-4a22-a47d-8c48425ef4a7
Carcharhinus leucas,23.588779,-109.518274,2025,Mexico,50c9509d-22c7-4a22-a47d-8c48425ef4a7
Carcharhinus leucas,23.55308,-109.49503,2025,Mexico,50c9509d-22c7-4a22-a47d-8c48425ef4a7
Carcharhinus leucas,23.478889,-109.469165,2025,Mexico,50c9509d-22c7-4a22-a47d-8c48425ef4a7
Carcharhinus leucas,23.503771,-109.47307,2025,Mexico,50c9509d-22c7-4a22-a47d-8c48425ef4a7
Carcharhinus leucas,23.472512,-109.429186,2025,Mexico,50c9509d-22c7-4a22-a47d-8c48425ef4a7
Carcharhinus leucas,-15.460377,128.099408,2025,Australia,50c9509d-22c7-4a22-a47d-8c48425ef4a7
Carcharhinus leucas,30.376355,-87.87175,2025,United States of America,50c9509d-22c7-4a22-a47d-8c48425ef4a7
Carcharhinus leucas,-27.247298,152.898186,2025,Australia,50c9509d-22c7-4a22-a47d-8c48425ef4a7
Carcharhinus leucas,10.967091,-85.948877,2025,Costa Rica,50c9509d-22c7-4a22-a47d-8c48425ef4a7
Carcharhinus leucas,10.999154,-85.999393,2025,Costa Rica,50c9509d-22c7-4a22-a47d-8c48425ef4a7
Carcharhinus leucas,10.878259,-85.86017,2025,Costa Rica,50c9509d-22c7-4a22-a47d-8c48425ef4a7
Carcharhinus leucas,29.643115,-93.306142,2025,United States of America,50c9509d-22c7-4a22-a47d-8c48425ef4a7
Carcharhinus leucas,24.583118,-81.437008,2025,United States of America,50c9509d-22c7-4a22-a47d-8c48425ef4a7
Carcharhinus leucas,26.984199,-82.029756,2025,United States of America,50c9509d-22c7-4a22-a47d-8c48425ef4a7
Carcharhinus leucas,27.790478,-82.592251,2025,United States of America,50c9509d-22c7-4a22-a47d-8c48425ef4a7
Carcharhinus leucas,-10.845924,142.36657,2025,Australia,50c9509d-22c7-4a22-a47d-8c48425ef4a7
Carcharhinus leucas,26.961166,-80.044026,2025,United States of America,50c9509d-22c7-4a22-a47d-8c48425ef4a7
Carcharhinus leucas,26.343232,-80.00719,2025,United States of America,50c9509d-22c7-4a22-a47d-8c48425ef4a7
Carcharhinus leucas,28.089401,-97.305403,2025,United States of America,50c9509d-22c7-4a22-a47d-8c48425ef4a7
Carcharhinus leucas,-18.30386,178.039395,2025,Fiji,50c9509d-22c7-4a22-a47d-8c48425ef4a7
Carcharhinus leucas,-18.316417,178.019855,2025,Fiji,50c9509d-22c7-4a22-a47d-8c48425ef4a7
Carcharhinus leucas,-18.203799,178.114167,2025,Fiji,50c9509d-22c7-4a22-a47d-8c48425ef4a7
Carcharhinus leucas,-18.396261,178.190722,2025,Fiji,50c9509d-22c7-4a22-a47d-8c48425ef4a7
Carcharhinus leucas,-17.336385,177.142156,2025,Fiji,50c9509d-22c7-4a22-a47d-8c48425ef4a7
Carcharhinus leucas,-24.499337,35.259157,2025,Mozambique,50c9509d-22c7-4a22-a47d-8c48425ef4a7
Carcharhinus leucas,-18.229015,178.09017,2025,Fiji,50c9509d-22c7-4a22-a47d-8c48425ef4a7
Carcharhinus leucas,40.546092,-73.825826,2025,United States of America,50c9509d-22c7-4a22-a47d-8c48425ef4a7
Carcharhinus leucas,25.864379,-81.77455,2025,United States of America,50c9509d-22c7-4a22-a47d-8c48425ef4a7
Carcharhinus leucas,27.813156,-82.801035,2025,United States of America,50c9509d-22c7-4a22-a47d-8c48425ef4a7
Carcharhinus leucas,-18.236078,178.08472,2025,Fiji,50c9509d-22c7-4a22-a47d-8c48425ef4a7
Carcharhinus leucas,29.014076,-80.893375,2025,United States of America,50c9509d-22c7-4a22-a47d-8c48425ef4a7
Carcharhinus leucas,6.973974,134.371563,2025,Palau,50c9509d-22c7-4a22-a47d-8c48425ef4a7
Carcharhinus leucas,29.33588,-94.794069,2025,United States of America,50c9509d-22c7-4a22-a47d-8c48425ef4a7
Carcharhinus leucas,25.966593,-81.281076,2025,United States of America,50c9509d-22c7-4a22-a47d-8c48425ef4a7
Carcharhinus leucas,25.821704,-81.274517,2025,United States of America,50c9509d-22c7-4a22-a47d-8c48425ef4a7
Carcharhinus leucas,28.246068,-80.612458,2025,United States of America,50c9509d-22c7-4a22-a47d-8c48425ef4a7
Carcharhinus leucas,-16.261444,145.371524,2025,Australia,50c9509d-22c7-4a22-a47d-8c48425ef4a7
Carcharhinus leucas,29.745283,-91.880558,2025,United States of America,50c9509d-22c7-4a22-a47d-8c48425ef4a7
Carcharhinus leucas,29.327518,-94.963342,2025,United States of America,50c9509d-22c7-4a22-a47d-8c48425ef4a7
Carcharhinus leucas,25.807989,-81.241166,2025,United States of America,50c9509d-22c7-4a22-a47d-8c48425ef4a7
Carcharhinus leucas,-18.365625,178.049639,2025,Fiji,50c9509d-22c7-4a22-a47d-8c48425ef4a7
Carcharhinus leucas,-18.37171,178.174937,2025,Fiji,50c9509d-22c7-4a22-a47d-8c48425ef4a7
Carcharhinus leucas,-18.305629,178.148573,2025,Fiji,50c9509d-22c7-4a22-a47d-8c48425ef4a7
Carcharhinus leucas,-18.397878,178.189189,2025,Fiji,50c9509d-22c7-4a22-a47d-8c48425ef4a7
Carcharhinus leucas,-18.393241,178.005722,2025,Fiji,50c9509d-22c7-4a22-a47d-8c48425ef4a7
Carcharhinus leucas,23.525499,-109.422635,2025,Mexico,50c9509d-22c7-4a22-a47d-8c48425ef4a7
Carcharhinus leucas,23.596253,-109.511358,2025,Mexico,50c9509d-22c7-4a22-a47d-8c48425ef4a7
Carcharhinus leucas,30.049531,-85.756089,2025,United States of America,50c9509d-22c7-4a22-a47d-8c48425ef4a7
Carcharhinus leucas,29.730572,-93.076844,2025,United States of America,50c9509d-22c7-4a22-a47d-8c48425ef4a7
Carcharhinus leucas,23.532707,-109.462099,2025,Mexico,50c9509d-22c7-4a22-a47d-8c48425ef4a7
Carcharhinus leucas,23.43057,-109.433881,2025,Mexico,50c9509d-22c7-4a22-a47d-8c48425ef4a7
Carcharhinus leucas,23.490787,-109.557662,2025,Mexico,50c9509d-22c7-4a22-a47d-8c48425ef4a7
Carcharhinus leucas,23.401026,-109.47721,2025,Mexico,50c9509d-22c7-4a22-a47d-8c48425ef4a7
Carcharhinus leucas,23.406457,-109.457556,2025,Mexico,50c9509d-22c7-4a22-a47d-8c48425ef4a7
Carcharhinus leucas,23.568765,-109.41857,2025,Mexico,50c9509d-22c7-4a22-a47d-8c48425ef4a7
Carcharhinus leucas,20.684349,-87.147821,2024,Mexico,50c9509d-22c7-4a22-a47d-8c48425ef4a7
Carcharhinus leucas,20.673538,-87.136431,2024,Mexico,50c9509d-22c7-4a22-a47d-8c48425ef4a7
Carcharhinus leucas,20.700169,-87.115241,2024,Mexico,50c9509d-22c7-4a22-a47d-8c48425ef4a7
Carcharhinus leucas,20.797731,-87.000738,2024,Mexico,50c9509d-22c7-4a22-a47d-8c48425ef4a7
Carcharhinus leucas,27.660375,-82.596735,2024,United States of America,50c9509d-22c7-4a22-a47d-8c48425ef4a7
Carcharhinus leucas,20.744889,-87.089123,2024,Mexico,50c9509d-22c7-4a22-a47d-8c48425ef4a7
Carcharhinus leucas,20.659896,-87.107694,2024,Mexico,50c9509d-22c7-4a22-a47d-8c48425ef4a7
Carcharhinus leucas,27.679579,-82.417727,2024,United States of America,50c9509d-22c7-4a22-a47d-8c48425ef4a7
Carcharhinus leucas,7.441994,134.490323,2024,Palau,50c9509d-22c7-4a22-a47d-8c48425ef4a7
Carcharhinus leucas,-19.779897,163.844599,2024,New Caledonia,50c9509d-22c7-4a22-a47d-8c48425ef4a7
Carcharhinus leucas,-19.651762,163.950037,2024,New Caledonia,50c9509d-22c7-4a22-a47d-8c48425ef4a7
Carcharhinus leucas,27.192232,-79.610972,2024,United States of America,50c9509d-22c7-4a22-a47d-8c48425ef4a7
Carcharhinus leucas,20.717786,-87.187778,2024,Mexico,50c9509d-22c7-4a22-a47d-8c48425ef4a7
Carcharhinus leucas,25.249746,-80.842671,2024,United States of America,50c9509d-22c7-4a22-a47d-8c48425ef4a7
Carcharhinus leucas,-19.257568,146.821146,2024,Australia,50c9509d-22c7-4a22-a47d-8c48425ef4a7
Carcharhinus leucas,27.757356,-82.409754,2024,United States of America,50c9509d-22c7-4a22-a47d-8c48425ef4a7
Carcharhinus leucas,27.611636,-82.452214,2024,United States of America,50c9509d-22c7-4a22-a47d-8c48425ef4a7
Carcharhinus leucas,27.668949,-82.574786,2024,United States of America,50c9509d-22c7-4a22-a47d-8c48425ef4a7
Carcharhinus leucas,-27.276906,153.037869,2024,Australia,50c9509d-22c7-4a22-a47d-8c48425ef4a7
Carcharhinus leucas,28.879529,-82.595879,2024,United States of America,50c9509d-22c7-4a22-a47d-8c48425ef4a7
Carcharhinus leucas,-30.301655,30.963833,2024,South Africa,50c9509d-22c7-4a22-a47d-8c48425ef4a7
Carcharhinus leucas,19.61853,73.003921,2024,India,c6b86c40-ff71-4e5e-902c-111f400d0d56
Carcharhinus leucas,-27.4,153.1,2024,Australia,e3ce628e-9683-4af7-b7a9-47eef785d3bb
Carcharhinus leucas,-24.113356,152.708972,2024,Australia,50c9509d-22c7-4a22-a47d-8c48425ef4a7
Carcharhinus leucas,5.898073,118.181551,2024,Malaysia,50c9509d-22c7-4a22-a47d-8c48425ef4a7
Carcharhinus leucas,24.771426,-76.938753,2024,Bahamas,50c9509d-22c7-4a22-a47d-8c48425ef4a7
Carcharhinus leucas,26.722723,-80.07399,2024,United States of America,50c9509d-22c7-4a22-a47d-8c48425ef4a7
Carcharhinus leucas,23.554206,-109.553248,2024,Mexico,50c9509d-22c7-4a22-a47d-8c48425ef4a7
Carcharhinus leucas,27.748671,-82.749427,2024,United States of America,50c9509d-22c7-4a22-a47d-8c48425ef4a7
Carcharhinus leucas,25.44696,-77.888747,2024,Bahamas,50c9509d-22c7-4a22-a47d-8c48425ef4a7
Carcharhinus leucas,23.465818,-109.448049,2024,Mexico,50c9509d-22c7-4a22-a47d-8c48425ef4a7
Carcharhinus leucas,23.474544,-109.505289,2024,Mexico,50c9509d-22c7-4a22-a47d-8c48425ef4a7
Carcharhinus leucas,23.555884,-109.511689,2024,Mexico,50c9509d-22c7-4a22-a47d-8c48425ef4a7
Carcharhinus leucas,23.493749,-109.558455,2024,Mexico,50c9509d-22c7-4a22-a47d-8c48425ef4a7
Carcharhinus leucas,23.57923,-109.581462,2024,Mexico,50c9509d-22c7-4a22-a47d-8c48425ef4a7
Carcharhinus leucas,0.627784,73.592454,2024,Maldives,50c9509d-22c7-4a22-a47d-8c48425ef4a7
Carcharhinus leucas,23.446892,-109.56161,2024,Mexico,50c9509d-22c7-4a22-a47d-8c48425ef4a7
Carcharhinus leucas,24.119758,-76.482627,2024,Bahamas,50c9509d-22c7-4a22-a47d-8c48425ef4a7
Carcharhinus leucas,28.433257,-96.838263,2024,United States of America,6080b6cc-1c24-41ff-ad7f-0ebe7b56f311
Carcharhinus leucas,7.29938,134.06082,2024,Palau,50c9509d-22c7-4a22-a47d-8c48425ef4a7
Carcharhinus leucas,-24.114623,152.708285,2024,Australia,50c9509d-22c7-4a22-a47d-8c48425ef4a7
Carcharhinus leucas,30.35627,-88.330315,2024,United States of America,50c9509d-22c7-4a22-a47d-8c48425ef4a7
Carcharhinus leucas,30.331288,-88.230988,2024,United States of America,50c9509d-22c7-4a22-a47d-8c48425ef4a7
Carcharhinus leucas,-18.208248,178.197983,2024,Fiji,50c9509d-22c7-4a22-a47d-8c48425ef4a7
Carcharhinus leucas,30.289088,-88.294431,2024,United States of America,50c9509d-22c7-4a22-a47d-8c48425ef4a7
Carcharhinus leucas,-18.393927,178.001664,2024,Fiji,50c9509d-22c7-4a22-a47d-8c48425ef4a7
Carcharhinus leucas,-18.213177,178.093138,2024,Fiji,50c9509d-22c7-4a22-a47d-8c48425ef4a7
Carcharhinus leucas,-18.205435,178.141504,2024,Fiji,50c9509d-22c7-4a22-a47d-8c48425ef4a7
Carcharhinus leucas,-18.289933,178.174056,2024,Fiji,50c9509d-22c7-4a22-a47d-8c48425ef4a7
Carcharhinus leucas,-18.282591,178.161598,2024,Fiji,50c9509d-22c7-4a22-a47d-8c48425ef4a7
Carcharhinus leucas,-18.289259,178.105889,2024,Fiji,50c9509d-22c7-4a22-a47d-8c48425ef4a7
Carcharhinus leucas,28.529245,-95.861872,2024,United States of America,50c9509d-22c7-4a22-a47d-8c48425ef4a7
Carcharhinus leucas,29.004042,-89.081987,2024,United States of America,50c9509d-22c7-4a22-a47d-8c48425ef4a7
Carcharhinus leucas,10.852335,-85.859075,2024,Costa Rica,50c9509d-22c7-4a22-a47d-8c48425ef4a7
Carcharhinus leucas,-18.308261,178.124028,2024,Fiji,50c9509d-22c7-4a22-a47d-8c48425ef4a7
Carcharhinus leucas,26.664999,-81.898365,2024,United States of America,50c9509d-22c7-4a22-a47d-8c48425ef4a7
Carcharhinus leucas,30.216855,-88.282333,2024,United States of America,50c9509d-22c7-4a22-a47d-8c48425ef4a7
Carcharhinus leucas,10.950197,-85.892284,2024,Costa Rica,50c9509d-22c7-4a22-a47d-8c48425ef4a7
Carcharhinus leucas,-14.028665,130.855411,2024,Australia,50c9509d-22c7-4a22-a47d-8c48425ef4a7
Carcharhinus leucas,-13.604145,130.568038,2024,Australia,50c9509d-22c7-4a22-a47d-8c48425ef4a7
Carcharhinus leucas,-13.60373,130.567995,2024,Australia,50c9509d-22c7-4a22-a47d-8c48425ef4a7
Carcharhinus leucas,27.966258,-82.225546,2024,United States of America,50c9509d-22c7-4a22-a47d-8c48425ef4a7
Carcharhinus leucas,28.707734,-96.285573,2024,United States of America,50c9509d-22c7-4a22-a47d-8c48425ef4a7
Carcharhinus leucas,26.433886,-80.061069,2024,United States of America,50c9509d-22c7-4a22-a47d-8c48425ef4a7
Carcharhinus leucas,26.867722,-82.090658,2024,United States of America,50c9509d-22c7-4a22-a47d-8c48425ef4a7
Carcharhinus leucas,26.531762,-80.122402,2024,United States of America,50c9509d-22c7-4a22-a47d-8c48425ef4a7
Carcharhinus leucas,27.635054,-97.089618,2024,United States of America,50c9509d-22c7-4a22-a47d-8c48425ef4a7
Carcharhinus leucas,26.482481,-80.071896,2024,United States of America,50c9509d-22c7-4a22-a47d-8c48425ef4a7
Carcharhinus leucas,26.401238,-81.814737,2024,United States of America,50c9509d-22c7-4a22-a47d-8c48425ef4a7
Carcharhinus leucas,28.296173,-80.735942,2024,United States of America,50c9509d-22c7-4a22-a47d-8c48425ef4a7
Carcharhinus leucas,26.174242,-81.768452,2024,United States of America,50c9509d-22c7-4a22-a47d-8c48425ef4a7
Carcharhinus leucas,23.482251,-109.442136,2024,Mexico,50c9509d-22c7-4a22-a47d-8c48425ef4a7
Carcharhinus leucas,28.02687,-82.923399,2024,United States of America,50c9509d-22c7-4a22-a47d-8c48425ef4a7
Carcharhinus leucas,28.565707,-96.545597,2024,United States of America,50c9509d-22c7-4a22-a47d-8c48425ef4a7
Carcharhinus leucas,-14.927706,145.766669,2024,Australia,50c9509d-22c7-4a22-a47d-8c48425ef4a7
Carcharhinus leucas,-18.362748,178.000766,2024,Fiji,50c9509d-22c7-4a22-a47d-8c48425ef4a7
Carcharhinus leucas,29.039661,-80.988075,2024,United States of America,50c9509d-22c7-4a22-a47d-8c48425ef4a7
Carcharhinus leucas,-27.270506,152.958505,2024,Australia,50c9509d-22c7-4a22-a47d-8c48425ef4a7
Carcharhinus leucas,30.229216,-88.102799,2024,United States of America,50c9509d-22c7-4a22-a47d-8c48425ef4a7
Carcharhinus leucas,-18.318856,178.156229,2024,Fiji,50c9509d-22c7-4a22-a47d-8c48425ef4a7
Carcharhinus leucas,26.908939,-79.894411,2024,United States of America,50c9509d-22c7-4a22-a47d-8c48425ef4a7
Carcharhinus leucas,26.384861,-80.002261,2024,United States of America,50c9509d-22c7-4a22-a47d-8c48425ef4a7
Carcharhinus leucas,29.674392,-93.129646,2024,United States of America,50c9509d-22c7-4a22-a47d-8c48425ef4a7
Carcharhinus leucas,-14.669583,145.518967,2024,Australia,50c9509d-22c7-4a22-a47d-8c48425ef4a7
Carcharhinus leucas,27.195472,-80.088452,2024,United States of America,50c9509d-22c7-4a22-a47d-8c48425ef4a7
Carcharhinus leucas,26.90954,-80.042153,2024,United States of America,50c9509d-22c7-4a22-a47d-8c48425ef4a7
Carcharhinus leucas,-17.378631,177.165208,2024,Fiji,50c9509d-22c7-4a22-a47d-8c48425ef4a7
Carcharhinus leucas,-18.321724,178.002817,2024,Fiji,50c9509d-22c7-4a22-a47d-8c48425ef4a7
Carcharhinus leucas,28.568661,-80.618577,2024,United States of America,50c9509d-22c7-4a22-a47d-8c48425ef4a7
Carcharhinus leucas,1.536487,103.706117,2024,Malaysia,50c9509d-22c7-4a22-a47d-8c48425ef4a7
Carcharhinus leucas,27.128498,-97.235662,2024,United States of America,50c9509d-22c7-4a22-a47d-8c48425ef4a7
Carcharhinus leucas,-18.6436,147.127572,2024,Australia,50c9509d-22c7-4a22-a47d-8c48425ef4a7
Carcharhinus leucas,23.580139,-109.594398,2024,Mexico,50c9509d-22c7-4a22-a47d-8c48425ef4a7
Carcharhinus leucas,23.418419,-109.51122,2024,Mexico,50c9509d-22c7-4a22-a47d-8c48425ef4a7
Carcharhinus leucas,29.479333,-91.556358,2024,United States of America,50c9509d-22c7-4a22-a47d-8c48425ef4a7
Carcharhinus leucas,-18.703834,147.136622,2024,Australia,50c9509d-22c7-4a22-a47d-8c48425ef4a7
Carcharhinus leucas,23.592622,-109.557959,2024,Mexico,50c9509d-22c7-4a22-a47d-8c48425ef4a7
Carcharhinus leucas,23.407343,-109.567241,2024,Mexico,50c9509d-22c7-4a22-a47d-8c48425ef4a7
Carcharhinus leucas,27.984352,-80.576197,2024,United States of America,50c9509d-22c7-4a22-a47d-8c48425ef4a7
Carcharhinus leucas,23.539872,-109.502489,2024,Mexico,50c9509d-22c7-4a22-a47d-8c48425ef4a7
Carcharhinus leucas,25.971497,-81.392051,2024,United States of America,50c9509d-22c7-4a22-a47d-8c48425ef4a7
Carcharhinus leucas,25.945366,-81.222757,2024,United States of America,50c9509d-22c7-4a22-a47d-8c48425ef4a7
Carcharhinus leucas,28.934668,-95.283725,2024,United States of America,50c9509d-22c7-4a22-a47d-8c48425ef4a7
Carcharhinus leucas,30.164536,-85.724547,2024,United States of America,50c9509d-22c7-4a22-a47d-8c48425ef4a7
Carcharhinus leucas,29.630259,-93.041416,2024,United States of America,50c9509d-22c7-4a22-a47d-8c48425ef4a7
Carcharhinus leucas,25.762747,-80.475731,2024,United States of America,50c9509d-22c7-4a22-a47d-8c48425ef4a7
Carcharhinus leucas,26.723492,-80.186603,2024,United States of America,50c9509d-22c7-4a22-a47d-8c48425ef4a7
Carcharhinus leucas,-18.260386,177.965696,2024,Fiji,50c9509d-22c7-4a22-a47d-8c48425ef4a7
Carcharhinus leucas,23.293191,-109.462513,2024,Mexico,50c9509d-22c7-4a22-a47d-8c48425ef4a7
Carcharhinus leucas,-10.565725,142.220066,2024,Australia,50c9509d-22c7-4a22-a47d-8c48425ef4a7
Carcharhinus leucas,25.287401,-81.13968,2024,United States of America,50c9509d-22c7-4a22-a47d-8c48425ef4a7
Carcharhinus leucas,25.090617,-81.114436,2024,United States of America,50c9509d-22c7-4a22-a47d-8c48425ef4a7
Carcharhinus leucas,23.427555,-109.486458,2024,Mexico,50c9509d-22c7-4a22-a47d-8c48425ef4a7
Carcharhinus leucas,26.593785,-78.647174,2024,Bahamas,50c9509d-22c7-4a22-a47d-8c48425ef4a7
Carcharhinus leucas,27.650454,-82.475236,2024,United States of America,50c9509d-22c7-4a22-a47d-8c48425ef4a7
Carcharhinus leucas,23.493642,-109.571772,2024,Mexico,50c9509d-22c7-4a22-a47d-8c48425ef4a7
Carcharhinus leucas,29.049197,-95.137283,2024,United States of America,50c9509d-22c7-4a22-a47d-8c48425ef4a7
Carcharhinus leucas,20.658535,-87.041383,2024,Mexico,50c9509d-22c7-4a22-a47d-8c48425ef4a7
Carcharhinus leucas,25.655384,-80.093339,2023,United States of America,50c9509d-22c7-4a22-a47d-8c48425ef4a7
Carcharhinus leucas,27.719717,-82.599525,2023,United States of America,50c9509d-22c7-4a22-a47d-8c48425ef4a7
Carcharhinus leucas,3.542166,9.067801,2023,Equatorial Guinea,50c9509d-22c7-4a22-a47d-8c48425ef4a7
Carcharhinus leucas,24.804015,-76.263908,2023,Bahamas,50c9509d-22c7-4a22-a47d-8c48425ef4a7
Carcharhinus leucas,27.677566,-82.515679,2023,United States of America,50c9509d-22c7-4a22-a47d-8c48425ef4a7
Carcharhinus leucas,23.753065,90.350596,2023,Bangladesh,50c9509d-22c7-4a22-a47d-8c48425ef4a7
Carcharhinus leucas,23.613985,90.293399,2023,Bangladesh,50c9509d-22c7-4a22-a47d-8c48425ef4a7
Carcharhinus leucas,23.60861,90.299706,2023,Bangladesh,50c9509d-22c7-4a22-a47d-8c48425ef4a7
Carcharhinus leucas,23.745612,90.27544,2023,Bangladesh,50c9509d-22c7-4a22-a47d-8c48425ef4a7
Carcharhinus leucas,23.736815,90.2638,2023,Bangladesh,50c9509d-22c7-4a22-a47d-8c48425ef4a7
Carcharhinus leucas,23.762993,90.383929,2023,Bangladesh,50c9509d-22c7-4a22-a47d-8c48425ef4a7
Carcharhinus leucas,20.79781,-87.012975,2023,Mexico,50c9509d-22c7-4a22-a47d-8c48425ef4a7
Carcharhinus leucas,20.658884,-87.039818,2023,Mexico,50c9509d-22c7-4a22-a47d-8c48425ef4a7
Carcharhinus leucas,24.558643,-81.841785,2023,United States of America,50c9509d-22c7-4a22-a47d-8c48425ef4a7
Carcharhinus leucas,-2.626661,-79.858475,2023,Ecuador,50c9509d-22c7-4a22-a47d-8c48425ef4a7
Carcharhinus leucas,-17.030881,177.054926,2023,Fiji,50c9509d-22c7-4a22-a47d-8c48425ef4a7
Carcharhinus leucas,22.301644,91.837211,2023,Bangladesh,50c9509d-22c7-4a22-a47d-8c48425ef4a7
Carcharhinus leucas,23.766143,90.210036,2023,Bangladesh,50c9509d-22c7-4a22-a47d-8c48425ef4a7
Carcharhinus leucas,23.753445,90.34963,2023,Bangladesh,50c9509d-22c7-4a22-a47d-8c48425ef4a7
Carcharhinus leucas,-28.255977,32.437867,2023,South Africa,50c9509d-22c7-4a22-a47d-8c48425ef4a7
Carcharhinus leucas,23.787046,90.297757,2023,Bangladesh,50c9509d-22c7-4a22-a47d-8c48425ef4a7
Carcharhinus leucas,24.586475,-81.978611,2023,United States of America,50c9509d-22c7-4a22-a47d-8c48425ef4a7
Carcharhinus leucas,20.713774,-87.197186,2023,Mexico,50c9509d-22c7-4a22-a47d-8c48425ef4a7
Carcharhinus leucas,7.447057,-81.721148,2023,Panama,bae2ce18-4da1-4069-a9f8-672d94294077
Carcharhinus leucas,7.636247,-81.69756,2023,Panama,bae2ce18-4da1-4069-a9f8-672d94294077
Carcharhinus leucas,7.701167,-81.624233,2023,Panama,bae2ce18-4da1-4069-a9f8-672d94294077
Carcharhinus leucas,7.656258,-81.65285,2023,Panama,bae2ce18-4da1-4069-a9f8-672d94294077
Carcharhinus leucas,7.697882,-81.626555,2023,Panama,bae2ce18-4da1-4069-a9f8-672d94294077
Carcharhinus leucas,30.325963,-88.0059,2023,United States of America,50c9509d-22c7-4a22-a47d-8c48425ef4a7
Carcharhinus leucas,-21.778064,35.457328,2023,Mozambique,50c9509d-22c7-4a22-a47d-8c48425ef4a7
Carcharhinus leucas,26.896853,-80.161785,2023,United States of America,50c9509d-22c7-4a22-a47d-8c48425ef4a7
Carcharhinus leucas,6.503692,116.687958,2023,Malaysia,50c9509d-22c7-4a22-a47d-8c48425ef4a7
Carcharhinus leucas,21.032676,-86.673814,2023,Mexico,50c9509d-22c7-4a22-a47d-8c48425ef4a7
Carcharhinus leucas,23.520847,-109.57877,2023,Mexico,50c9509d-22c7-4a22-a47d-8c48425ef4a7
Carcharhinus leucas,25.194316,-80.86877,2023,United States of America,50c9509d-22c7-4a22-a47d-8c48425ef4a7
Carcharhinus leucas,-27.097136,153.16292,2023,Australia,50c9509d-22c7-4a22-a47d-8c48425ef4a7
Carcharhinus leucas,25.671388,-79.202196,2023,Bahamas,50c9509d-22c7-4a22-a47d-8c48425ef4a7
Carcharhinus leucas,29.107455,-95.162557,2023,United States of America,50c9509d-22c7-4a22-a47d-8c48425ef4a7
Carcharhinus leucas,29.151269,-95.006243,2023,United States of America,50c9509d-22c7-4a22-a47d-8c48425ef4a7
Carcharhinus leucas,23.536059,-109.430673,2023,Mexico,50c9509d-22c7-4a22-a47d-8c48425ef4a7
Carcharhinus leucas,23.449162,-109.484279,2023,Mexico,50c9509d-22c7-4a22-a47d-8c48425ef4a7
Carcharhinus leucas,23.59071,-109.493933,2023,Mexico,50c9509d-22c7-4a22-a47d-8c48425ef4a7
Carcharhinus leucas,23.471639,-109.511331,2023,Mexico,50c9509d-22c7-4a22-a47d-8c48425ef4a7
Carcharhinus leucas,25.21571,-80.53395,2023,United States of America,875db04c-1fc5-4fbf-9b88-da643abde58d
Carcharhinus leucas,25.05074,-80.74635,2023,United States of America,875db04c-1fc5-4fbf-9b88-da643abde58d
Carcharhinus leucas,25.17584,-80.6048,2023,United States of America,875db04c-1fc5-4fbf-9b88-da643abde58d
Carcharhinus leucas,25.13695,-80.67524,2023,United States of America,875db04c-1fc5-4fbf-9b88-da643abde58d
Carcharhinus leucas,-28.37515,32.4116,2023,South Africa,d27a7bf0-d78e-46d4-bc74-6b2ae4705367
Carcharhinus leucas,-27.539533,32.678667,2023,South Africa,d27a7bf0-d78e-46d4-bc74-6b2ae4705367
Carcharhinus leucas,-28.375317,32.42895,2023,South Africa,d27a7bf0-d78e-46d4-bc74-6b2ae4705367
Carcharhinus leucas,-19.81434,163.491576,2023,New Caledonia,b2f19afe-52d7-4d10-80fe-861e7ec76804
Carcharhinus leucas,35.772802,-75.595048,2023,United States of America,50c9509d-22c7-4a22-a47d-8c48425ef4a7
Carcharhinus leucas,25.630935,-79.369476,2023,Bahamas,50c9509d-22c7-4a22-a47d-8c48425ef4a7
Carcharhinus leucas,29.826499,-94.93771,2023,United States of America,50c9509d-22c7-4a22-a47d-8c48425ef4a7
Carcharhinus leucas,-21.70007,35.48743,2022,Mozambique,33ac4c00-1bf6-4c28-b278-a833cf4f9847
Carcharhinus leucas,4.008403,9.778147,2022,Cameroon,50c9509d-22c7-4a22-a47d-8c48425ef4a7
Carcharhinus leucas,23.654768,90.324487,2022,Bangladesh,50c9509d-22c7-4a22-a47d-8c48425ef4a7
Carcharhinus leucas,23.65608,90.296773,2022,Bangladesh,50c9509d-22c7-4a22-a47d-8c48425ef4a7
Carcharhinus leucas,30.052139,-89.791827,2022,United States of America,50c9509d-22c7-4a22-a47d-8c48425ef4a7
Carcharhinus leucas,23.71272,90.356592,2022,Bangladesh,50c9509d-22c7-4a22-a47d-8c48425ef4a7
Carcharhinus leucas,23.746608,90.223955,2022,Bangladesh,50c9509d-22c7-4a22-a47d-8c48425ef4a7
Carcharhinus leucas,-18.287743,178.09895,2022,Fiji,50c9509d-22c7-4a22-a47d-8c48425ef4a7
Carcharhinus leucas,26.631617,-82.024874,2022,United States of America,50c9509d-22c7-4a22-a47d-8c48425ef4a7
Carcharhinus leucas,30.432154,-87.065569,2022,United States of America,50c9509d-22c7-4a22-a47d-8c48425ef4a7
Carcharhinus leucas,5.826298,116.103093,2022,Malaysia,50c9509d-22c7-4a22-a47d-8c48425ef4a7
Carcharhinus leucas,4.021723,9.75728,2022,Cameroon,50c9509d-22c7-4a22-a47d-8c48425ef4a7
Carcharhinus leucas,4.068082,9.707319,2022,Cameroon,50c9509d-22c7-4a22-a47d-8c48425ef4a7
Carcharhinus leucas,4.180693,9.728775,2022,Cameroon,50c9509d-22c7-4a22-a47d-8c48425ef4a7
Carcharhinus leucas,-17.360488,177.155819,2022,Fiji,50c9509d-22c7-4a22-a47d-8c48425ef4a7
Carcharhinus leucas,-18.362634,178.063394,2022,Fiji,50c9509d-22c7-4a22-a47d-8c48425ef4a7
Carcharhinus leucas,-18.38068,178.090758,2022,Fiji,50c9509d-22c7-4a22-a47d-8c48425ef4a7
Carcharhinus leucas,-18.33197,178.186528,2022,Fiji,50c9509d-22c7-4a22-a47d-8c48425ef4a7
Carcharhinus leucas,-18.391592,178.005286,2022,Fiji,50c9509d-22c7-4a22-a47d-8c48425ef4a7
Carcharhinus leucas,23.410825,-109.588876,2022,Mexico,50c9509d-22c7-4a22-a47d-8c48425ef4a7
Carcharhinus leucas,-21.82117,35.48023,2022,Mozambique,33ac4c00-1bf6-4c28-b278-a833cf4f9847
Carcharhinus leucas,30.34137,-88.167004,2022,United States of America,50c9509d-22c7-4a22-a47d-8c48425ef4a7
Carcharhinus leucas,30.551202,-87.042803,2022,United States of America,50c9509d-22c7-4a22-a47d-8c48425ef4a7
Carcharhinus leucas,-30.877534,30.437809,2022,South Africa,50c9509d-22c7-4a22-a47d-8c48425ef4a7
Carcharhinus leucas,-21.027075,55.22625,2022,Runion,6ac3f774-d9fb-4796-b3e9-92bf6c81c084
Carcharhinus leucas,23.705612,90.220795,2022,Bangladesh,50c9509d-22c7-4a22-a47d-8c48425ef4a7
Carcharhinus leucas,23.762446,90.343888,2022,Bangladesh,50c9509d-22c7-4a22-a47d-8c48425ef4a7
Carcharhinus leucas,23.707041,90.239832,2022,Bangladesh,50c9509d-22c7-4a22-a47d-8c48425ef4a7
Carcharhinus leucas,-18.979755,147.033638,2022,Australia,50c9509d-22c7-4a22-a47d-8c48425ef4a7
Carcharhinus leucas,23.713253,90.306247,2022,Bangladesh,50c9509d-22c7-4a22-a47d-8c48425ef4a7
Carcharhinus leucas,29.789022,-93.30993,2022,United States of America,50c9509d-22c7-4a22-a47d-8c48425ef4a7
Carcharhinus leucas,23.780093,90.39871,2022,Bangladesh,50c9509d-22c7-4a22-a47d-8c48425ef4a7
Carcharhinus leucas,-18.919826,146.916479,2022,Australia,50c9509d-22c7-4a22-a47d-8c48425ef4a7
Carcharhinus leucas,4.147508,9.656178,2022,Cameroon,50c9509d-22c7-4a22-a47d-8c48425ef4a7
Carcharhinus leucas,23.623921,90.393896,2022,Bangladesh,50c9509d-22c7-4a22-a47d-8c48425ef4a7
Carcharhinus leucas,23.628025,90.226581,2022,Bangladesh,50c9509d-22c7-4a22-a47d-8c48425ef4a7
Carcharhinus leucas,9.683771,-84.355105,2022,Costa Rica,50c9509d-22c7-4a22-a47d-8c48425ef4a7
Carcharhinus leucas,30.341532,-89.229628,2022,United States of America,50c9509d-22c7-4a22-a47d-8c48425ef4a7
Carcharhinus leucas,30.258771,-89.171152,2022,United States of America,50c9509d-22c7-4a22-a47d-8c48425ef4a7
Carcharhinus leucas,4.147239,9.300912,2022,Cameroon,50c9509d-22c7-4a22-a47d-8c48425ef4a7
Carcharhinus leucas,4.047999,9.744094,2022,Cameroon,50c9509d-22c7-4a22-a47d-8c48425ef4a7
Carcharhinus leucas,3.997488,9.645717,2022,Cameroon,50c9509d-22c7-4a22-a47d-8c48425ef4a7
Carcharhinus leucas,4.104999,9.687482,2022,Cameroon,50c9509d-22c7-4a22-a47d-8c48425ef4a7
Carcharhinus leucas,4.040164,9.619972,2022,Cameroon,50c9509d-22c7-4a22-a47d-8c48425ef4a7
Carcharhinus leucas,4.021964,9.764399,2022,Cameroon,50c9509d-22c7-4a22-a47d-8c48425ef4a7
Carcharhinus leucas,30.382869,-89.849057,2022,United States of America,50c9509d-22c7-4a22-a47d-8c48425ef4a7
Carcharhinus leucas,23.617276,90.387564,2022,Bangladesh,50c9509d-22c7-4a22-a47d-8c48425ef4a7
Carcharhinus leucas,25.631402,-80.116088,2022,United States of America,50c9509d-22c7-4a22-a47d-8c48425ef4a7
Carcharhinus leucas,23.705171,90.272237,2022,Bangladesh,50c9509d-22c7-4a22-a47d-8c48425ef4a7
Carcharhinus leucas,4.132002,9.45715,2022,Cameroon,50c9509d-22c7-4a22-a47d-8c48425ef4a7
Carcharhinus leucas,-18.33248,178.022364,2022,Fiji,50c9509d-22c7-4a22-a47d-8c48425ef4a7
Carcharhinus leucas,4.174268,9.600935,2022,Cameroon,50c9509d-22c7-4a22-a47d-8c48425ef4a7
Carcharhinus leucas,4.031682,9.612985,2022,Cameroon,50c9509d-22c7-4a22-a47d-8c48425ef4a7
Carcharhinus leucas,4.079355,9.698356,2022,Cameroon,50c9509d-22c7-4a22-a47d-8c48425ef4a7
Carcharhinus leucas,4.117133,9.744024,2022,Cameroon,50c9509d-22c7-4a22-a47d-8c48425ef4a7
Carcharhinus leucas,23.709038,90.326643,2022,Bangladesh,50c9509d-22c7-4a22-a47d-8c48425ef4a7
Carcharhinus leucas,4.070014,9.69599,2022,Cameroon,50c9509d-22c7-4a22-a47d-8c48425ef4a7
Carcharhinus leucas,4.077071,9.629611,2022,Cameroon,50c9509d-22c7-4a22-a47d-8c48425ef4a7
Carcharhinus leucas,23.740508,90.248316,2022,Bangladesh,50c9509d-22c7-4a22-a47d-8c48425ef4a7
Carcharhinus leucas,4.123228,9.679542,2022,Cameroon,50c9509d-22c7-4a22-a47d-8c48425ef4a7
Carcharhinus leucas,4.012109,9.738438,2022,Cameroon,50c9509d-22c7-4a22-a47d-8c48425ef4a7
Carcharhinus leucas,25.699268,-79.313902,2022,Bahamas,50c9509d-22c7-4a22-a47d-8c48425ef4a7
Carcharhinus leucas,26.88204,-80.01669,2022,United States of America,50c9509d-22c7-4a22-a47d-8c48425ef4a7
Carcharhinus leucas,4.085859,9.793402,2022,Cameroon,50c9509d-22c7-4a22-a47d-8c48425ef4a7
Carcharhinus leucas,4.193718,9.613355,2022,Cameroon,50c9509d-22c7-4a22-a47d-8c48425ef4a7
Carcharhinus leucas,4.02768,9.753024,2022,Cameroon,50c9509d-22c7-4a22-a47d-8c48425ef4a7
Carcharhinus leucas,4.06588,9.705461,2022,Cameroon,50c9509d-22c7-4a22-a47d-8c48425ef4a7
Carcharhinus leucas,25.764428,-79.209148,2022,Bahamas,50c9509d-22c7-4a22-a47d-8c48425ef4a7
Carcharhinus leucas,4.096545,9.78211,2022,Cameroon,50c9509d-22c7-4a22-a47d-8c48425ef4a7
Carcharhinus leucas,25.659853,-79.382727,2022,Bahamas,50c9509d-22c7-4a22-a47d-8c48425ef4a7
Carcharhinus leucas,4.16683,9.73184,2022,Cameroon,50c9509d-22c7-4a22-a47d-8c48425ef4a7
Carcharhinus leucas,4.011242,9.669198,2022,Cameroon,50c9509d-22c7-4a22-a47d-8c48425ef4a7
Carcharhinus leucas,4.120027,9.622956,2022,Cameroon,50c9509d-22c7-4a22-a47d-8c48425ef4a7
Carcharhinus leucas,-23.179547,150.930562,2022,Australia,50c9509d-22c7-4a22-a47d-8c48425ef4a7
Carcharhinus leucas,2.944803,9.809338,2022,Cameroon,50c9509d-22c7-4a22-a47d-8c48425ef4a7
Carcharhinus leucas,4.060247,9.664822,2022,Cameroon,50c9509d-22c7-4a22-a47d-8c48425ef4a7
Carcharhinus leucas,4.01897,9.769319,2022,Cameroon,50c9509d-22c7-4a22-a47d-8c48425ef4a7
Carcharhinus leucas,4.099494,9.610021,2022,Cameroon,50c9509d-22c7-4a22-a47d-8c48425ef4a7
Carcharhinus leucas,4.071409,9.75325,2022,Cameroon,50c9509d-22c7-4a22-a47d-8c48425ef4a7
Carcharhinus leucas,4.05646,9.688337,2022,Cameroon,50c9509d-22c7-4a22-a47d-8c48425ef4a7
Carcharhinus leucas,4.038272,9.762692,2022,Cameroon,50c9509d-22c7-4a22-a47d-8c48425ef4a7
Carcharhinus leucas,4.017097,9.678869,2022,Cameroon,50c9509d-22c7-4a22-a47d-8c48425ef4a7
Carcharhinus leucas,3.116705,9.978616,2022,Cameroon,50c9509d-22c7-4a22-a47d-8c48425ef4a7
Carcharhinus leucas,4.178128,9.623636,2022,Cameroon,50c9509d-22c7-4a22-a47d-8c48425ef4a7
Carcharhinus leucas,26.87804,-82.075005,2022,United States of America,50c9509d-22c7-4a22-a47d-8c48425ef4a7
Carcharhinus leucas,25.632315,-80.022553,2022,United States of America,50c9509d-22c7-4a22-a47d-8c48425ef4a7
Carcharhinus leucas,3.938422,9.629563,2022,Cameroon,50c9509d-22c7-4a22-a47d-8c48425ef4a7
Carcharhinus leucas,4.148342,9.681986,2022,Cameroon,50c9509d-22c7-4a22-a47d-8c48425ef4a7
Carcharhinus leucas,4.03137,9.268132,2022,Cameroon,50c9509d-22c7-4a22-a47d-8c48425ef4a7
Carcharhinus leucas,4.025983,9.333707,2022,Cameroon,50c9509d-22c7-4a22-a47d-8c48425ef4a7
Carcharhinus leucas,4.122573,9.775658,2022,Cameroon,50c9509d-22c7-4a22-a47d-8c48425ef4a7
Carcharhinus leucas,4.077352,9.634133,2022,Cameroon,50c9509d-22c7-4a22-a47d-8c48425ef4a7
Carcharhinus leucas,4.010901,9.74438,2022,Cameroon,50c9509d-22c7-4a22-a47d-8c48425ef4a7
Carcharhinus leucas,4.166779,9.616055,2022,Cameroon,50c9509d-22c7-4a22-a47d-8c48425ef4a7
Carcharhinus leucas,4.063287,9.607556,2022,Cameroon,50c9509d-22c7-4a22-a47d-8c48425ef4a7
Carcharhinus leucas,4.18732,9.644755,2022,Cameroon,50c9509d-22c7-4a22-a47d-8c48425ef4a7
Carcharhinus leucas,4.089065,9.659107,2022,Cameroon,50c9509d-22c7-4a22-a47d-8c48425ef4a7
Carcharhinus leucas,4.086415,9.71841,2022,Cameroon,50c9509d-22c7-4a22-a47d-8c48425ef4a7
Carcharhinus leucas,20.611705,-87.050251,2022,Mexico,50c9509d-22c7-4a22-a47d-8c48425ef4a7
Carcharhinus leucas,4.042843,9.779509,2022,Cameroon,50c9509d-22c7-4a22-a47d-8c48425ef4a7
Carcharhinus leucas,4.127223,9.664296,2022,Cameroon,50c9509d-22c7-4a22-a47d-8c48425ef4a7
Carcharhinus leucas,4.16939,9.76492,2022,Cameroon,50c9509d-22c7-4a22-a47d-8c48425ef4a7
Carcharhinus leucas,4.154939,9.605674,2022,Cameroon,50c9509d-22c7-4a22-a47d-8c48425ef4a7
Carcharhinus leucas,25.671565,-79.271444,2022,Bahamas,50c9509d-22c7-4a22-a47d-8c48425ef4a7
Carcharhinus leucas,4.011103,9.795995,2022,Cameroon,50c9509d-22c7-4a22-a47d-8c48425ef4a7
Carcharhinus leucas,-27.48926,152.99632,2022,Australia,50c9509d-22c7-4a22-a47d-8c48425ef4a7
Carcharhinus leucas,23.436889,-109.441323,2022,Mexico,50c9509d-22c7-4a22-a47d-8c48425ef4a7
Carcharhinus leucas,20.735983,-87.195979,2022,Mexico,50c9509d-22c7-4a22-a47d-8c48425ef4a7
Carcharhinus leucas,4.169952,9.716114,2022,Cameroon,50c9509d-22c7-4a22-a47d-8c48425ef4a7
Carcharhinus leucas,4.18533,9.645585,2022,Cameroon,50c9509d-22c7-4a22-a47d-8c48425ef4a7
Carcharhinus leucas,4.110607,9.761425,2022,Cameroon,50c9509d-22c7-4a22-a47d-8c48425ef4a7
Carcharhinus leucas,27.02211,-80.009539,2022,United States of America,50c9509d-22c7-4a22-a47d-8c48425ef4a7
Carcharhinus leucas,26.847424,-80.054353,2022,United States of America,50c9509d-22c7-4a22-a47d-8c48425ef4a7
Carcharhinus leucas,-29.401385,153.270841,2022,Australia,50c9509d-22c7-4a22-a47d-8c48425ef4a7
Carcharhinus leucas,24.707191,-81.094865,2022,United States of America,50c9509d-22c7-4a22-a47d-8c48425ef4a7
Carcharhinus leucas,23.613333,90.22866,2022,Bangladesh,50c9509d-22c7-4a22-a47d-8c48425ef4a7
Carcharhinus leucas,23.71115,90.266559,2022,Bangladesh,50c9509d-22c7-4a22-a47d-8c48425ef4a7
Carcharhinus leucas,23.755146,90.380523,2022,Bangladesh,50c9509d-22c7-4a22-a47d-8c48425ef4a7
Carcharhinus leucas,29.724696,-94.901439,2022,United States of America,50c9509d-22c7-4a22-a47d-8c48425ef4a7
Carcharhinus leucas,23.762428,90.333109,2022,Bangladesh,50c9509d-22c7-4a22-a47d-8c48425ef4a7
Carcharhinus leucas,23.74044,90.311861,2022,Bangladesh,50c9509d-22c7-4a22-a47d-8c48425ef4a7
Carcharhinus leucas,20.66083,-87.157805,2021,Mexico,50c9509d-22c7-4a22-a47d-8c48425ef4a7
Carcharhinus leucas,20.71404,-87.016539,2021,Mexico,50c9509d-22c7-4a22-a47d-8c48425ef4a7
Carcharhinus leucas,20.74542,-87.033135,2021,Mexico,50c9509d-22c7-4a22-a47d-8c48425ef4a7
Carcharhinus leucas,20.530558,-87.036976,2021,Mexico,50c9509d-22c7-4a22-a47d-8c48425ef4a7
Carcharhinus leucas,4.121834,9.643244,2021,Cameroon,50c9509d-22c7-4a22-a47d-8c48425ef4a7
Carcharhinus leucas,4.02918,9.742841,2021,Cameroon,50c9509d-22c7-4a22-a47d-8c48425ef4a7
Carcharhinus leucas,4.094877,9.70185,2021,Cameroon,50c9509d-22c7-4a22-a47d-8c48425ef4a7
Carcharhinus leucas,4.078369,9.603197,2021,Cameroon,50c9509d-22c7-4a22-a47d-8c48425ef4a7
Carcharhinus leucas,4.182899,9.73451,2021,Cameroon,50c9509d-22c7-4a22-a47d-8c48425ef4a7
Carcharhinus leucas,4.09942,9.671409,2021,Cameroon,50c9509d-22c7-4a22-a47d-8c48425ef4a7
Carcharhinus leucas,4.073027,9.733844,2021,Cameroon,50c9509d-22c7-4a22-a47d-8c48425ef4a7
Carcharhinus leucas,-33.83,151.3,2021,Australia,3f4d4bf1-5f9a-43f2-a0d8-ff6ed5952796
Carcharhinus leucas,-33.8,151.3,2021,Australia,3f4d4bf1-5f9a-43f2-a0d8-ff6ed5952796
Carcharhinus leucas,-20.67,149.15,2021,Australia,3f4d4bf1-5f9a-43f2-a0d8-ff6ed5952796
Carcharhinus leucas,-23.44,151.97,2021,Australia,3f4d4bf1-5f9a-43f2-a0d8-ff6ed5952796
Carcharhinus leucas,4.056979,9.617614,2021,Cameroon,50c9509d-22c7-4a22-a47d-8c48425ef4a7
Carcharhinus leucas,4.135304,9.28563,2021,Cameroon,50c9509d-22c7-4a22-a47d-8c48425ef4a7
Carcharhinus leucas,4.002331,9.382972,2021,Cameroon,50c9509d-22c7-4a22-a47d-8c48425ef4a7
Carcharhinus leucas,4.189433,9.677024,2021,Cameroon,50c9509d-22c7-4a22-a47d-8c48425ef4a7
Carcharhinus leucas,-33.99025,23.57205,2021,South Africa,33ac4c00-1bf6-4c28-b278-a833cf4f9847
Carcharhinus leucas,-34.3837,20.89601,2021,South Africa,33ac4c00-1bf6-4c28-b278-a833cf4f9847
Carcharhinus leucas,-33.98422,25.21355,2021,South Africa,33ac4c00-1bf6-4c28-b278-a833cf4f9847
Carcharhinus leucas,-15.527281,145.268898,2021,Australia,50c9509d-22c7-4a22-a47d-8c48425ef4a7
Carcharhinus leucas,20.670358,-87.112412,2021,Mexico,50c9509d-22c7-4a22-a47d-8c48425ef4a7
Carcharhinus leucas,-19.06,146.56,2021,Australia,3f4d4bf1-5f9a-43f2-a0d8-ff6ed5952796
Carcharhinus leucas,-19.04,146.34,2021,Australia,3f4d4bf1-5f9a-43f2-a0d8-ff6ed5952796
Carcharhinus leucas,-19.38,147.15,2021,Australia,3f4d4bf1-5f9a-43f2-a0d8-ff6ed5952796
Carcharhinus leucas,-19.24,147.08,2021,Australia,3f4d4bf1-5f9a-43f2-a0d8-ff6ed5952796
